review,rating
overall लप्तोप् stand job there’s definitely room improvement hinges bit loose affects stability प्लचिन्ग् लप्तोप् doesnt slips position rubber tape attached good अद्वेर्तिसेद् think गोन्न देअतचेद् सूनिफ़् hinges तिघ्तेर् would easily ५स्तर् product,Positive
product good functions nice rubber attached लप्तोप् holding area surface area keep लप्तोप् still stagnant satisfied smiling face smiling eyes,Positive
quality १०५ best लगेयो ani finishing पनि धिरहि राम्रो छ mero लप्तोप् अचेर् swift go १४ब् ओलेद् model ko stand आलि hight वयो जस्ले गर्द पुर lod hinch पर्न गयो १४ inch ko लप्तोप् ko लगि आलि थिक् lagen १४ inch वन्द मथि ko लप्तोप् ko लगि येक्दम् best Oख़् hand हुन्क्ष mero बिचर् मैले त्व् return गर्नु वन्द येस्लै modify गरेर्व् use गर्ने सोच् gare,Positive
well works well really good gaming स्तुद्यिन्ग् main catch best space management flex इम् एल्देन् lord smiling face hearts,Positive
product exact shown picture delivery also quick good product एर्गोनोमिच् well,Positive
better एक्ष्पेच्तेद् good weight looks durable good rubber paddings best price,Positive
wonder full लप्तोप् stand fully made metal durable years रेचोम्मेन्देद् side purchase,Positive
really really nice product like good मतेरिअल्फ़स्त् delivery affordable price thank बोउक़ुएत्बोउक़ुएत्,Positive
लप्तोप् १४ inch fits well rubber sticker प्लचेद् wrong place bottom due slippery प्लचेद् right place steady anyway good product,Positive
लोवेद् one shown works well thank दरज़् seller happy purchase,Positive
product एक्ष्चीदेद् expectations quality reliability ease use excellent value money highly recommend anyone seeking durability efficiency satisfaction daily use,Positive
ordered २ थेम्१ one weird patch इत्२ uneven,Positive
good product price औन्सर् height lock गर्नि निस्केको निस्कै हुनिरैच worth,Positive
stand good first thought lose put लप्तोप् seem स्त्रुद्य्,Positive
excellent products shown picture thanks product दरज़्,Positive
product गूदत् प्रिचेप्रिचे वोर्थ्य्थन्क् दरज़् product,Positive
ओक् quality quite uneven footings unstable put yr लप्तोप्,Positive
it’s २ years i’m still उसिन्ग् means durable,Positive
problem फ़र्थे product sturdy सीम्स् good क़ुअलित्यिद् recommend,Positive
nice one grinning face big एयेस्ग्रिन्निन्ग् face big एयेस्ग्रिन्निन्ग् face big eyes also fast delivery ko लगि धन्यबद् folded हन्द्स्फ़ोल्देद् हन्द्स्फ़ोल्देद् hands,Positive
extra features added would best,Positive
awesome एक्ष्पेच्तेद् थन्क्स्फ़ोर् good service,Positive
पेर्फ़ेच्त्चन् buy इत्मजले support गर्क्ष लप्तोप्,Positive
received great प्रोदुच्त्बेस्त् value money,Positive
good product पच्कगिन्ग् recommend,Positive
fine buy without hesitation,Positive
nice easy use helps reduce overheat,Positive
nice nice निचेस्त् good good गूदेस्त्,Positive
quite good per price stable,Positive
पोखर १००० वनेतियो सस्तो mae पयो,Positive
nice product perfectly worked एक्ष्पेच्तेद् thumbs उप्सतिस्फ़िएद् product service grinning face,Positive
job say,Positive
good product thanks seller,Positive
अमज़िन्ग्रेअल् product away इमगिनतिओन्स्मिलिन्ग् face हेअर्त्-एयेस्,Positive
perfect shown picture works well लेनोवो लोक़् १५६ inches sturdy doesnt wobble rubber grips hold १७ inches लप्तोप्स् लप्तोप्स् weight ३ क्ग् easily इम् इम्प्रेस्सेद् प्रोदुच्ति definitely recommend इत्बेअमिन्ग् face smiling एयेस्थुम्ब्स् उप्स्पर्क्लेस्,Positive
decent स्तुर्द्य्य्य्य्य्य्य्य्य्य्य्य्य्य्य्य्,Positive
price अनुसार् ko थिकै छ,Positive
great value money,Positive
working well,Positive
wasnt एक्ष्पेच्तिन्ग् effective really stand सीम्स् durable enough firmly hold heavy लप्तोप् portability cherry top even comes small bag overall great product value price Oख़् hand,Positive
good product,Positive
nice,Positive
थिकै लघो जेहोस् yo price range राम्रो क्षस्मिलिन्ग् face smiling eyes,Positive
way एन्विसिओनेद् makes really happy,Positive
त्य्प् stand lai जोद्नि chai plastic ko रैक्ष तेस्तो रमेओ वम्दिन aru doubt sab राम्रो छ त्यो full metal वये ko वये एक्दम् राम्रो,Neutral
fine saw visible rust marks behind stand one arm slightly loose working fine,Neutral
best quality,Positive
well got stand good condition पच्कगिन्ग् good hope last long smiling face smiling eyes think expensive,Positive
quite strong product hold heavyweight लप्तोप् सीम्स् durable made aluminium product well पच्केद् रेचेइवेद्बुत् could better case bag carry stand along carrying along लप्तोप्,Positive
एक्दम् राम्रो stand धेरै strong रैक्ष mero १६ inch ko लप्तोप्लै muzzle व्योबोकेर हिद्नु प्नि सजिलो रैक्षसेल्लेर् धेरै helpful ani responsible हुनुहुन्क्षरेचोम्मेन्द् buyers,Positive
strong good quality material स्तन्दि really हप्प्य्मेरो १६ inch ko लप्तोप् ko लगि muzzle fit व्योयो price येति राम्रो product provide गर्नु वयेको thank दरज़्फ़ुल्ल्य् सतिस्फ़िएद्ग्रिन्निन्ग् face big एयेस्ग्रिन्निन्ग् face big eyes,Positive
price ko हिसब् lea राम्रो ho लिद हुन्क्ष मलै क्षै दमि नै लगो लोवेद् smiling face hearts,Positive
nice product although little bit tilting problem,Neutral
one support pin shorter slight gap base लप्तोप् one सिदेलस्त् pic gap another side,Negative
build quality quite good लोवेस्त् configuration stable नहुदो रक्ष बकि configuration राम्रो क्षानि रख्ने pouch पनि राम्रो छ,Positive
प्रीत्य् good उसेफ़ुली got ७ adjustable लेवेलस् shown picture एक्ष्पेच्तेद्थन्क् दरज़् seller अस्वेल्लि रेचोम्मेन्देद्,Positive
pretty much ओकयिश् price times slips,Positive
stand fit ओकय् १६ inch dell लप्तोप् although felt bit small smaller लप्तोप् fits perfectly build stand also good made metal सीम्स् good value price delivery also really quick,Positive
works perfectly Oख़् hand,Positive
best price segment holds १५६ inch लप्तोप् perfectly strongly recommend grinning face smiling eyes,Positive
flimsy left side stand वेअकेर् right side job fine get pay guess,Negative
really इम्प्रेस्सेद् quality strength उसेफ़ुल्ल्नेस्स् product certainly would recommend anyone knows function go product सुपेर्ब्थुम्ब्स्,Positive
useful product लप्तोप्समे shown पिच्तुरेफ़ुल्ल् body aluminium मतेरिअलि like love इत्त्क़् दरज़् रेचोम्मेन्द्ग्रिन्निन्ग् face smiling एयेस्ग्रिन्निन्ग् face smiling एयेस्ग्रिन्निन्ग् face smiling eyes,Positive
product product good made aluminium अलि अलि shake वये पनि bad sticky grips हरुले गर्द table stable हुन्क्ष mero १४ ko लप्तोप् मजले रख्न मिलेको छ सोचेको वन्द chai stand ko size अलि sanai लग्यो useful दोएसबोउत् सेल्लेर्सेल्लेर् ni एक्दम् राम्रो ho सुरु मैले stand order गर्द आध सम्म matra खुल्ने partially defective जस्तो थियो र्व् bag ni ako थेन talking seller times एक्ष्चन्गेद् buy,Positive
product identical shown description indeed high quality product पच्कगिन्ग् also गूदि definitely recommend,Positive
wow really amazing प्रोदुच्त्व्होले body aluminum looks प्रीत्य् thank दरज़् seller अस्वेल्ल्स्मिलिन्ग् face open हन्द्स्स्मिलिन्ग् face open हन्द्स्स्मिलिन्ग् face open hands,Positive
लोवेद् प्रोदुच्त्दरो पनि रैक्ष,Positive
good one price range,Positive
nice product sturdy,Positive
good product रेविएव्व्रपुप्,Positive
एअक्दम् राम्रो stand रैक्ष quality ni बब्बल् रैक्षै highly recommend buy product,Positive
another satisfied customer raising hands,Positive
पच्कगिन्ग् good delivery time product solid sturdy could little bit एक्ष्पन्दब्ले लर्गेर् लप्तोप्स् overall good product opinion,Positive
रम्रै छ,Neutral
पच्कगिन्ग् great convinced product slightly lose left side don’t feel safe enough would really appreciate exchange possible,Neutral
really amazing stand built full अलुमिनुमल्ल् दरज़् customers want product प्ल्ज़् without doubt buy इत्थिस् product ७ level adjustment level looking प्रीत्यि really happy प्रोदुच्त्सेल्लेर् helpful रेस्पोन्सिब्लेथन्क् दरज़् good सेल्लेरि recommend,Positive
stand functional best definitely worth १००० rs finishing bad lot scratches box connections rigid doesnt feel robust,Negative
१०१० skeptic product good gives proper support works good १४इन् लप्तोप्,Positive
राम्रो छ है लप्तोप् stand tara stand ko आउत खुत्त सनि आउत थुलो छ tara तेस्ले तेति फ़रक् पर्दैन,Positive
definitely worth money came multiple scratches सीम्स् used whole stand bent one side still stable लप्तोप् प्लचेद् weak bad build quality,Negative
bought previously seller time slightly different lower quality,Positive
looks decent till used think कि लप्तोप् ko size जत्त्रै हुन्क्ष् हुदो रैन्क्ष् anyway लप्तोप् चहि अद्दियो,Positive
bought flash sale sure quality got use product amazing strong steady looks great तूइत् worked १४ लप्तोप् sure price range tho,Positive
लप्तोप् stand pretty good also good heavy लप्तोप् anyone buy stand लप्तोप्,Positive
stand stand firmly floor one side locker ओकय् go next side locker doesnt stay place still need support make firmly stay floor locker get locked correctly exchange available yes,Negative
good price range lower grip good gripping properly table,Positive
holds १६ inch लप्तोप् well किन्द wobbly really problem considering price would rate ४५५,Positive
sturdy good grips also loving pouch comes,Positive
उसिन्ग् १ weeks outstanding quality hold असुस् अ१५ लप्तोप् properly,Positive
वोर्क्स bit flimsy build quality long holds लप्तोप् fine,Positive
nice stand works really well legion २०२४ model well us 16” २५ क्ग्,Positive
works fine build ओकयिश् grip rubber ends gets easily,Positive
satisfied product intact strong,Positive
ordered ७ mode foldable got ६ mode believable store,Positive
small चोम्परिन्ग् images posted reviewer check images,Neutral
product quality quite good सतिस्फ़्यिन्ग्थुम्ब्स्,Positive
लप्तोप् stand good quality totally satisfied stand,Positive
great product works shown bag ko quality नरम्रो थेओ नत्र्व् everything else great ऐर्फ़्लोव् र्व् height ko lai great option,Positive
looking like wow एक्ष्प्लोदिन्ग् head,Positive
६ months works perfectly well definitely इम्प्रोवेद् लप्तोप् thermals,Positive
great product lots adjustments available product worth बुयिन्ग्,Positive
title says ७ level adjustment got ६लेवेल् even though written ७ level box poor service seller size रेचोम्मेन्देद् १५ inch लप्तोप् disappointed,Negative
take excess aluminum nice product price would recommend brands need premium finish though cant complain price,Positive
७ level वनेको थियो buy गर्द ६ level matra cha job done येतिको price थिकै ho,Positive
stand part attached pin holding part would like return hope ill get proper one,Negative
items मेन्तिओनेद् photo one stand want return get new one,Negative
received good condition uses minutes good,Positive
highly satisfied product,Positive
product सहि लगो मलै लप्तोप् चिप्लेल कि वन्ने लगेको थियो चिप्लिदैन रहेक्ष हल्लौद पनि,Positive
५०० best नै product ho है best नै छ study ko लगि best नै हुन्च,Positive
दै हरु lai अलि गरो वयो बतो अप्थ्यरो वयेर tara चितै देलिएवेर् वयो राम्रो छ थन्क्योउ,Positive
good good value money,Positive
delivery ९१० quality ९ १०पच्कगिन्ग् ९१० price ९१०,Positive
quality good stable stand buy without hesitation,Positive
didnt lived expectations though slippery glass table,Positive
nice product easy comfortable उसेस्मिलिन्ग् face smiling eyes,Positive
wow रेचिएवेद् good quality product reasonable price thank दरज़् ……red हेअर्त्रेद् हेअर्त्रेद् हेअर्त्फ़िरेफ़िरेफ़िरे,Positive
good product,Positive
nice product suitable १५ inch लप्तोप् also,Positive
value मोनेय्क़ुअलित्य् गूद्पच्कगिन्ग् also good,Positive
little flimsy १७इन्च् लप्तोप् price ओकय्,Positive
easily supports heavy gaming लप्तोप् like अचेर् nitro,Positive
supposed would recommend,Positive
sturdy easy carry affordable students need,Positive
really sturdy amazing product highly रेचोम्मेन्देद्,Positive
great product लोवेद् year उसिन्ग्,Positive
item good price लप्तोप् comfortable,Positive
works great १७ inch लप्तोप् उसिन्ग् month working fine,Positive
sturdy exactly says like price,Positive
worth प्रिचेइत्स् sturdy good quality,Positive
mean aluminium works अद्वेर्तिसेद् pretty sturdy,Positive
supposed get pan bill २ product got bill one kindly provide authentic बिल्ल्प्रोदुच्त् good,Neutral
good quality product nice पच्कगिन्ग् timely delivery,Positive
product really गूद्थन्क्योउरेद् heart,Positive
pretty good price one stand wasnt fitting properly,Positive
really helpful good एक्ष्पेच्तेद्,Positive
hold १५ inch लप्तोप् easily looks like last long thanks,Positive
month since उसिन्ग् इतित्स् decent product,Positive
nice useful safe office desk,Positive
comfortable use quality also good,Positive
sturdy holds लप्तोप् well,Positive
love worth price,Positive
perfectly fitting १६ inch लप्तोप्,Positive
थिक् छ amazing bad either,Positive
got दमगेद् one ओन्लिने वनेर दमगेद् product पथको होकि,Negative
excellent useful product frequent लप्तोप् users,Positive
एक्दम् राम्रो cha जस्तो देखको तेस्तै chai,Positive
product overall थिकै छ value money,Positive
good quality product affordable price,Positive
wrong products delivery,Negative
received defective piece screw missing,Negative
good deal दिस्चोउन्तेद् price thumbs,Positive
लुव् product according price nice,Positive
product good value money,Positive
gifted friend good experience,Positive
nice product लोवेद् red heart,Positive
good सीम्स् robust use लप्तोप्,Positive
worth exactly like ordered,Positive
दमि लग्यो price अनुशर् ko राम्रो छ,Positive
nice product price reasonable,Positive
good able work comfortably,Positive
decent could better wide enough,Positive
good product little difficult change step otherwise works well,Positive
little small value money,Positive
good enough old लप्तोप्स् also,Positive
thumbs light skin tone,Positive
exactly शोव्न्दोएस् job,Positive
nice product totally worth,Positive
really हेल्प्फ़ुल्लि लोवेद्,Positive
good अचोर्दिन्ग् price range,Positive
screw got दिस्प्लचेद् within week time,Negative
amazing product delivery guy humble अप्प्रेचिअतेस् work,Positive
good product fast delivery,Positive
बबल् cha totally worth,Positive
received faulty one disappointed,Negative
लिकेद् recommend product,Positive
quite good product,Positive
एक्ष्पेच्तेद्,Positive
love super sturdy रेचोम्मेन्देद् red heart,Positive
actually quite nice,Positive
good price,Positive
pretty good worth,Positive
थेकै छ small एक्ष्पेच्तेद्,Positive
nice useful strong product red heart,Positive
गज्जब लाग्यो मलाई चाँही । heavy रैछ अनि फिनिसिंग पनि राम्रो । तत्कालका लागि डेस्कटप मनिटर किन्नु परेन यसर्थ २२ देखि २५ हजार जोगियो । धन्यवाद दराज ।,Positive
great उसिन्ग् र्न्,Positive
durable easy use,Positive
per expectation,Positive
satisfied thank,Positive
सनो सनो राम्रो नै छ,Positive
राम्रो नैइ छ price अनुशर् ko,Positive
unbelievable get fully पैद् back,Positive
good quality price,Positive
could easily use product,Positive
seem got defective piece,Positive
useful product,Positive
looks good go buy,Positive
quality good actually,Positive
good quality sturdy well hundred points एक्दम् सजिलो राम्रो cha कसैले buy गर्दै हुनुहुन्च vane धुक्क saga येइ seller बत किन्द हुन्च है ans specially thank seller दरज़् team red heart,Positive
good product,Positive
good quality thumbs उप्थुम्ब्स् उप्थुम्ब्स्,Positive
दमि product ho yo,Positive
nice worth प्रिचेगूद् quality लप्तोप् stand portable लोवेद्,Positive
build quality अवेसोमेरेद् heart,Positive
good product nice quality,Positive
good प्रोदुच्त्त्वो हेअर्त्स्त्वो हेअर्त्स्त्वो hearts,Positive
एक्दम् बबल् छ है,Positive
nice product love,Positive
works intended,Positive
find helpful,Positive
study good,Positive
quality seem good,Positive
love product,Positive
good क़ुअलित्य्य्य्य्य्,Positive
nicely received,Positive
best stand smiling face smiling एयेस्बोउक़ुएत्,Positive
मन्न् पर्यो hand index finger thumb crossed medium skin tone,Positive
cheap best,Positive
work,Positive
good product,Positive
good quality,Positive
nice product,Positive
good quality,Positive
nice product,Positive
good thumbs,Positive
sturdy राम्रो,Positive
ओकय् ओकय् छ,Positive
nice,Positive
job,Positive
good,Positive
लोवेद् product,Positive
good,Positive
nice,Positive
satisfied,Positive
राम्रो छ,Positive
quality products अव्सोमे,Positive
good,Positive
ग्रेअत्त्त्,Positive
good,Positive
great,Positive
nice,Positive
ओक्,Positive
cool,Positive
good thumbs,Positive
nice one,Positive
लोवेल्य्हेअर्त् suit,Positive
दमि,Positive
useful,Positive
worth red heart,Positive
थिकै छ,Positive
much better plastic one holds लप्तोप् really well really happy व्थ् product,Positive
bad product ta थिकै ho tara delver chai late इद्क् ridder ko गल्ति ho ya seller ko,Positive
good product holds १५ inch लप्तोप् fine,Positive
best quality price range grinning face smiling eyes,Positive
nan,Positive
price लप्तोप् stand decent drawbacks functional it’s durable option paint तेन्द्स् chip easily rubber pads feet wore fairly quickly id recommend setting fixed spot rather moving frequently prolong लिफ़ेस्पन्,Neutral
overall build quality nice price gripe slider feet inserted one ७ holes made plastic making critical point failure whole लप्तोप् weight stands high medium change breakage within year rest build aluminum decently sturdy good product nonetheless intend use year two देचेन्तिश् price,Neutral
working fine dont suggest buy लप्तोप् हेअविएर् १५क्ग् bigger size १३ inch good मच्बूक् similar लप्तोप्स् cant move one another position normally stand might get broken लप्तोप् may get दमगेद् fix लप्तोप् one place table प्लचेद् corner room बेनेफ़ितेद् product otherwise dont buy,Neutral
great far इम् interested finding long going last,Positive
perfect,Positive
product nice little bit small मच्बूक् १६ inch,Positive
worth price highly रेचोम्मेन्देद् red heart,Positive
works feels extremely cheap slight wobble price ओक्,Neutral
good,Positive
crack अप्पेअरेद् months इवे barely used अस्केद् help seller reply literal cold left seen,Negative
राम्रो लग्यो tara expensive रैक्ष,Neutral
राम्रो छ,Positive
good quality aluminum good shot,Positive
really good product looking strong rigid stand प्च् worth buy,Positive
good small एक्ष्पेच्तेद्,Positive
quantity धेरै राम्रो छ,Positive
looks good yet use,Positive
सनो क्षनोत् suitable bigger लप्तोप् especially gaming लप्तोप्सनि rust लगको छ steel screw,Negative
good product works अद्वेर्तिसेद् nothing loose issue लप्तोप् प्लचेद् sturdy doesnt wobble got rs ४७१ तोतलिन्च्लुदिन्ग् rs २५ delivery charge दरज़् seller center price even around rs ५०० good product,Positive
लिकेद् hope last long,Positive
राम्रो छ,Positive
durable amazing quality,Positive
थिकै ho,Positive
saman cost अनुसर् ओक् क्षतर एक्दम् राम्रो chai वन्न मिल्दैन,Neutral
comfortable thumbs,Positive
love,Positive
satisfied thumbs,Positive
दमि छ,Positive
black हेअर्त्स्मिलिन्ग् face हेअर्त्स्Oख़् हन्धुन्द्रेद् points,Positive
build quality nice एउत side che अलि sturdy लगेनबुत् definitely worth price good especially light weight लप्तोप्स्,Positive
अर्रिवेद् quickly perfect looking scratches nit noticeable,Positive
honestly didnt think इत्द् reliable amazing boy wrong रेचोम्मेन्देद् piece friends cousins लोवेद् well fixture desk मोन्थ्सिफ़् looking लप्तोप् stand yes consider bonus easily portable,Positive
simply nice,Positive
smaller एक्ष्पेच्तेद् premium quality,Positive
product nice delivery also quick well पच्कगेद्,Positive
nice like,Positive
best quality,Positive
bears १६इन्च् लेनोवो legion easily stable good quality,Positive
थिकै छ,Positive
works great स्तुर्द्य्रेविएव्व्रपुप्,Positive
left side stand loose,Neutral
nice product रेओर्देरिन्ग्,Positive
decent,Neutral
stable enough good quality good product overall,Positive
nice rubber patches goes stand becomes slippery,Positive
good price,Neutral
२ em theyre sturdy overall great,Positive
रम्रै छ,Positive
works well dont bottom हिन्गेद् लप्तोप्,Positive
looks good,Neutral
ओकिश्,Neutral
average,Neutral
दमि छ,Positive
दमि cha fitted well,Positive
comfort use portable,Positive
great,Positive
good quality amazing product grinning फ़चेग्रिन्निन्ग् फ़चेग्रिन्निन्ग् फ़चेग्रिन्निन्ग् face,Positive
product awesome thank दरज़्रेद् heart,Positive
१०० रेचोम्मेन्देद् bought several times,Positive
good one,Positive
good,Positive
worth,Positive
एक्ष्पेच्तेद् red हेअर्त्थुम्ब्स्,Positive
legs wobbly job nicely पच्कगेद् rubber feet प्रोविदेस् nice grip table slippery overall nice product,Positive
got product देलिवेरेद् next day material looks good also used heavy gaming लप्तोप्स् things look good hinges किन्द loose perfect fit रेदुचेस् overall usage experience thus ३ स्तर्सिफ़् उसिन्ग् external keyboard त्य्पिन्ग् stand सीम्स् good enough,Neutral
रेक़ुएस्तेद् either refund replace product haven’t हेअर्द् store yet two weeks चन्चेलेद् fund request रेस्पोन्देद् messages,Positive
surprisingly हेअविएर् एक्ष्पेच्तेद् locks quite sturdy till issue aluminium alloy हेअविएर् लप्तोप् stand used,Positive
gets job दोनेइत् इस्न्त् real aluminium chance feels like plastic aluminium looking चोअत्बुत् hey industrial स्चिएन्तिस्त्दोएस्न्त् feel durable thrown around supports १३ मच्बूक् प्रोइत् slightly wobbly times even fully expanded horizontally ५ long feels little short १३ मच्वोउल्द्न्त् recommend bigger स्तुर्दिएर् लप्तोप्स्व्हत् say theres room improvement product idea great implementation सुब्परि higher expectations product keep लोव्थे rubber grips fairly good though,Neutral
bought २ weeks ago उसिन्ग् reviews found good didnt product felt वेल्लेन्गिनीरेद् axes hinges sturdy handles kept slipping holes whenever मिच्रोअद्जुस्त्मेन्त्स् लप्तोप् dont get wrong stand handles weight लप्तोप् made metal give keyboard much नीदेद् slope make easy write lack स्तुर्द्य्नेस्स् stand small width stand make त्य्पिन्ग् hard लप्तोप् felt wobbly going attach external keyboard product might good buy wont touching लप्तोप् going त्य्पिन्ग् लप्तोप् going like इत्प्स् लप्तोप् १५६ inch लप्तोप् bought लप्तोप् mainly keyboard feel इन्च्लिनेद् sharp edges लप्तोप् wont hurt hand,Negative
j hos product thick mero chai paisa उसुल् वयो सोचेको भन्द product size chai सनो लग्यो aru thick छ neck problem वैरथ्यो लप्तोप् चलयेर neck problem थोरै वये ni relief हुने जस्तो लग्यो,Positive
लप्तोप् stand practical sturdy adjustable tried उसिन्ग् लप्तोप् didnt work well ended उसिन्ग् stack books instead,Negative
holder एउत ko grip अलिक् loose थियो चोम्परेद् anyway dont think problem उसिन्ग् ओर्गनिसे गर्द chai थोरैपिन्चिन्ग् hand,Positive
good product right side leg bit uneven doesnt snugly fit inside notched ग्रूवेप्वल् तेन्द्स् wobble load लप्तोप् wobbling issue एलिमिनतेद्,Positive
good fits १५इन्च् लप्तोप् fine gets little wobbly sometimes good,Positive
job worth price ६००८००र्स् plastic ones even fan inbuilt far better stable product,Neutral
product little flimsy worked really well computer recommend wouldnt normally mention review seller kind enough call see लिकेद् product five stars,Positive
product decent job right cover cloth received absolutely trash थ्रोउघ्रेचोम्मेन्देद्,Positive
कसम् अचम्मै परेय्येतिको price येस्तो राम्रो product first time पको मैल्येअरु store ओउतोफ़् stock क्षव् tai पनि price एक्दम् high क्षव् yo price delivery charge गरेर पनि सस्तो येस्तो राम्रो इअम् स्पेअच्लेस्स् first open इत्मतव् normal होल वनेर सोच्येको थिये amazing yar beyond expectation दरज़् first time,Positive
ordered reading lot positive reviews दरज़् rare wasnt disappointed compact yet sturdy लप्तोप् stand,Positive
great product sturdy firm gets job done स्तीपेस्त् angle make sure keep legs flat surface रेदुचीलिमिनते wobbling recommend उसिन्ग् external mouse keyboard उसिन्ग् lepton lastly done good words vendor tried give पेर्सोनलिसेद् customer service thanks lot,Positive
worth price strength support लप्तोप् suitable लप्तोप्स् लर्गेर् १५६ inch narrow also one bars dont align properly holes absolutely worth rs १००० would great product around ३०० rupees,Neutral
doesnt wobble sturdy genuine product one legs wobble bit हस्न्त् cause problem yet maybe problem चौसेद् time delivery,Positive
took expensive product चोम्परेद् store herein दरज़् product quality good ordered twice twice seller,Positive
excellent product built material aluminum वयेर एक्दम् दरो छ mero १६ inch ko लप्तोप् मज़ले support गर्यो without problem much recommend price plus carrying case nice touch,Positive
great product price range sturdy good grip use external keyboard mouse stand works well,Positive
great service ordered product फ़्रिदय् ८थ् ओच्त् २०२१ goods got देलिवेरेद् today १० ओच्त् २०२१ १०० satisfied product,Positive
great product supposed sturdy holds १५इन्च् लप्तोप् perfectly fine,Positive
defective product लप्तोप् doesnt sit rubber pad instead bolts stable use stand,Negative
good स्तुर्द्येक्ष्चेप्त् one leg bit loose doesnt seem like problem though,Positive
highly रेचोम्मेन्देद् helps keep लप्तोप् cool received product exactly shown sturdy dont fear लप्तोप् falling ओफ़्फ़ेक्ष्तेर्नल् keyboard mouse would suitable get स्तन्द्वोर्थ् money thumbs,Positive
i’m glad came वेब्सिते product वन्तेद् less expensive elsewhere moment order delivery service excellent communication courteous professional,Negative
guess get पैद् product ओकय् holding १६इन्च् मच्बूक् प्रोपेर्ल्योने stand lose bit hard setup dont think इत्ल्ल् give issues dont move much wait find,Positive
product धेरै राम्रो छ ।sochejasto deliver vayo। fully satisfied product । thank दरज़्,Positive
worth price looking simple stand nothing fancy highly recommend buy,Positive
worth useful elevate लप्तोप् good ऐर्फ़्लोव् posture adjustment fits १७ inch लप्तोप् perfectly,Positive
working great use १७ heavy लप्तोप् use separate wireless mouse keyboard उसिन्ग् week dont take लप्तोप् much take bit time adjust,Positive
product really good one thing would expect lock expanded much problem,Positive
nice sturdy build,Positive
better एक्ष्पेच्तेद्,Positive
last ko दुइत अद्कौने दुलो अलि unstable हुन्क्ष ३ star considering price go,Positive
package well पच्केद् item think might need rolling floor लौघिन्ग्रोल्लिन्ग् floor laughing,Positive
nice quality sturdy design love,Positive
good working fine,Positive
nice product worth बुयिन्ग्,Positive
works प्रोमिसेद् size मिलेको छ,Positive
worth money good,Positive
good quality nice material तोथुम्ब्स्,Positive
good product easy portable,Positive
totally satisfied product built quality excellent price range,Positive
good one सीम्स् durable,Positive
राम्रो cha tara अलि कति imbalance वयेको feel वयो लप्तोप्बुत् लप्तोप् good,Positive
थिकै छ किन्द हुन्क्ष,Neutral
nice light effective perfect comes pouch ordered one thanks,Positive
built quality excellent thumbs,Positive
useful good product,Positive
सीम्स् flimsy use,Positive
चेअपेर् side might get scratches लप्तोप् due lack चोउशिन्स्,Positive
best लप्तोप्स्,Positive
राम्रो छ product १०१०,Positive
good quality product,Positive
एकदमै राम्रो quality ko छ,Positive
dont get confused durability built quality absolutely solid heavy,Positive
nice handy,Positive
best one,Positive
लोवेद्,Positive
good quality small लप्तोप् perfect mid size लप्तोप्स्,Positive
smaller looks picture little flimsy well price fine,Neutral
proper fit लप्तोप्लेनोवो legion ५ product good looks premium,Neutral
quit useful product quality looks good far got one stand slight loose,Positive
material used ra build quality दुबै राम्रो cha wont hurt बुयिन्ग् worth cha,Positive
good stable,Neutral
nice genuine product made aluminum received stand bag well,Positive
एक्ष्पेच्तेद् original product रेचोम्मेन्देद् thank delivery time,Positive
good,Positive
great product Oख़् hand,Positive
works fine,Positive
sturdy nice,Positive
steady rock,Positive
नोइच्,Positive
nice,Positive
एक्ष्पेच्तेद्,Positive
excellent item useful help फ़ुल् recommend buy price,Positive
price अनुसर् राम्रो cha worth would definitely recommend buy इत्स्मिलिन्ग् face smiling eyes,Positive
रेविएवेद् already quality good expensive comparative store,Positive
excellent build quality strong quite sleek compact design,Positive
stand works well मच्बूक् १३ inch well built supports weight,Positive
फ़स्तेस्त् delivery got next day ordered stand sturdy,Positive
wow strong सुपोप् लप्तोप् स्तन्ग्फ़ुल्ल्य् सतिस्फ़िएद्थन्क् दरज़्,Positive
stand strong capable holding लप्तोप्निचे products,Positive
well got product missing grip शकेय्,Neutral
good one pin type thing लूसेबुत् overall good,Positive
good quality works perfectly even १५ inches लप्तोप्,Positive
later found product less price product good,Positive
good quality one इम् loving go इत्रेद् heart,Positive
एउत थौ nut loose cha इद्क् गोन्न cause problem later,Positive
product quality good perfect १७ inch लप्तोप्,Positive
product great प्रोविदेस् professional feel,Positive
आलिक् alignment na मिलेको raixa… price अनुसर् kai saman छ,Positive
definitely good thing buy quality good,Positive
amazing product worth money good material quality,Positive
इम्प्रेस्सिवेतर अलि अलि हल्लिदो रैक्ष built नै तेस्तो ho कि,Positive
प्रीत्य् good इग्,Neutral
थिकै छ दरै छ काम् चल्क्ष yo price थिकै छ,Positive
perfect legion ५ hold heavy लप्तोप्स् easily,Positive
sturdy built quality definitely aluminum देस्च्रिबेद्,Positive
like एक्ष्पेच्तेद् good product would recommend,Positive
low quality product dui tin चोति use गर्द नै बिग्रियो,Negative
best stand लप्तोप् price durable strong,Positive
full satisfied product quality reasonable price,Positive
frame सीम्स् sturdy holding १६ computer,Positive
stand ओकय् pins सेचुरेद् well enough,Positive
amazing product बेस्मिलिन्ग् face हलोस्मिलिन्ग् face हलोस्मिलिन्ग् face हलोस्मिलिन्ग् face halo,Positive
देलिवेरेद् good condition product also good,Positive
product nice एक्ष्पेच्तेद् looks durable,Positive
fits perfectly १४इन्च् लप्तोप् थन्क्योउ,Neutral
चोउल्द्न्त् satisfied nice product,Positive
मिनिमलिस्त् perfect job perfectly,Positive
strong enough al material adjust loosely cant place लप्तोप् anywhere,Neutral
तेत्ति strong ra stable ta होइन still वोर्क्सलिक् सस्तो वल लिये ni हुने रैक्ष,Neutral
bit scratches hardly noticeable,Positive
wasnt provided pouch अद्वेर्तिसेद्,Negative
नोइचे product good build quality loving,Positive
good product everyone use,Positive
better quality एक्ष्पेच्तेद् price,Positive
think बेअतर् regular उसेअर् स्तर्-स्त्रुच्क्,Positive
good product better एक्ष्पेच्तेद्,Positive
one stands broke ३ weeks light usage,Negative
shown pics alright,Positive
good one must check delivery,Positive
अद्वेर्तिसेद् happy,Positive
nice product pulley could better,Positive
good क़ुअलित्य्गोत् ६ level though,Positive
good product nice build quality well,Positive
good price job perfectly,Positive
everything good received next day,Positive
sturdy easy set good product,Positive
think good product thank,Positive
good enough well balanced though,Positive
size smaller shown picture,Positive
awesome product price range,Positive
strong स्तिफ़्फ़्गूद् लप्तोप् stand,Positive
बबाल् राम्रो छ yr strong flexed बिचेप्स्फ़्लेक्षेद् बिचेप्स्फ़्लेक्षेद् biceps,Positive
good sturdy product recommend,Positive
ओक् met exception,Neutral
quality good satisfied,Negative
bought legion ५ fits,Positive
product good sturdy,Positive
अद्वेर्तिसेद् well good seller,Positive
great product लोवेद्,Positive
good product buy,Positive
feels चेअपेर् tight,Neutral
exactly shown,Positive
good quite strong,Positive
satisfied product,Positive
एक्ष्पेच्तेद् सच्म्,Positive
built quality fair,Neutral
good quality strong,Positive
sturdy एक्ष्पेच्तेद्,Neutral
stable good product,Positive
good quality satisfied,Positive
happy product,Positive
satisfied product,Positive
great use office,Positive
bad,Neutral
useful,Positive
price wise amazing,Positive
nice product smiling face smiling eyes,Positive
perfect मिनिमलिस्त्,Positive
product good,Positive
गूद्रेविएव्व्रपुप्,Neutral
good प्रोदुच्त्थन्क्स्,Positive
wobbly त्य्पिन्ग्,Neutral
met expectations,Positive
stand bend लित्ते hard adjust,Negative
keep expectations still bank buck,Neutral
job,Positive
worthy product,Positive
sturdy product,Positive
worth बुयिन्ग्,Positive
ओकय् product,Positive
useful,Positive
satisfied smiling face smiling eyes,Positive
cute stand,Positive
useful,Positive
एक्ष्पेच्तेद्,Positive
good enough,Positive
अलिकति nut lose छ one side स्तन्दरु थिकै छ,Negative
nan,Negative
best quality,Neutral
it’s ओकेय्,Neutral
got दमन्गेद् piece,Neutral
actually office use घर् use गर्क्षौ वन हल्क क्षुइन बेतीक tala ko stand नैइ येस्त uta हुन्क्ष् लप्तोप् लद्क्ष disappointed face hole stand dont working nicely लप्तोप् stable,Negative
screw thing पोप्पेद् like week tried fixing didnt work,Negative
poor quality bolt fell moment ओपेनेद् package,Negative
ओवेर्प्रिचेद्,Neutral
works well,Positive
good,Negative
nice,Positive
good,Positive
लोवेद्,Positive
good,Positive
ओक् छ,Positive
good,Neutral
Oख़् hand,Positive
राम्रो cha yo price aba कति तिक्च हेरम् daily use २ month target cha grinning face,Positive
yo price राम्रो saman आको छ size पनि वनेको जस्तैइ ako छ j hos मलै चैइ राम्रो लगो,Positive
दमि x price अनुसर्,Positive
yo k ho mero name वित्र अर्कै ko name क्षत्व् shoes पनि अर्कै छ त्यो पनि १ size थुलो shoes tai वको वयनि लौ थियफ़चे symbols मोउथ्फ़चे steam nose,Positive
nice got एक्ष्पेच्तेद् lace metal loop sharp scratches लेअचेस् fixed उसिन्ग् metal wedge worth चोम्परेद् price,Positive
quality र्म्रो छ photo देखेको जस्तै product पएयो n delivery नी क्षितै वयो overall fully satisfied,Positive
ordered ४१ size got ४० still fits boots good quality देलिवेरेद् way मधेश् province कथ्मन्दु outside ring road ५ days,Positive
saman जस्तो धेखयेको छ राम्रो छ आब use गर्द कस्तो हुन्क्ष crossed फ़िन्गेर्स्च्रोस्सेद् फ़िन्गेर्शोपे good use beaming face smiling एयेस्बेअमिन्ग् face smiling eyes,Positive
price worth even ordered ४१ size received ४० size fits well overall satisfied,Positive
सोचे जस्तै आयो बोउक़ुएत्रेद् हेअर्त्रम्रो छ bouquet love blindly लिद हुन्क्ष सबै जन ले genuine review ho है red हेअर्त्बोउक़ुएत्,Positive
want exchange ordered size ३९ fit foot think size ४० fit foot,Positive
k order ग्रेको k पथैदियो paisa मत्रै ग्यो return ग्र्न पर्यो म्स्ग् reply ग्र्नु tait wait पनि १ week गरयो लस्त्म saman पनि वन्गार् पथै द्यो,Positive
wow nice product happy smiling face smiling eyes good product low price grinning face दरज़् believable अप्प् thank दरज़्,Positive
एकदम हजारभन्दा कम दाममा एकदम दामी जुत्ता लिन सक्नुहुन्छ साथीहरु folded हन्द्स्फ़ोल्देद् हन्द्शेअर्त् हन्द्शेअर्त् hands thank siller,Positive
boot good according price delivery slow got order १३ days,Positive
recommend buy amazing स्तर्-स्त्रुच्क् product genuine price,Positive
value money रमोनेय्-मोउथ् फ़चेमोनेय्-मोउथ् फ़चेक़ुअलित्य् पनि ठीकठाक नहिन् छOख़् हन्द्Oख़् हन्द्तर delivery late वयोपेन्सिवे फ़चेपेन्सिवे face,Positive
beautiful product price range totally worth red heart,Positive
राम्रो छप्रिचे अनुसर् man परोदेलिवेर्य् person पनि humble लगोसो सेतिस्फ़िएद्,Positive
येतिको price देरए राम्रो quality होरेद् heart ani sole ko finishing ni बबाल्ग्रिन्निन्ग् face big एयेस्ग्रिन्निन्ग् face big eyes,Positive
piece आनुसर् राम्रो छ quality पनि थेक् छ मै ta राम्रो क्षु thanks द्रज़्,Positive
good think worth price lets see much durable,Positive
बद्द्र्मर्तिन् ओर्गिनल् लगौन ta सकियेन tara राम्रो x yo पनि,Positive
best shoes wonderful design much satisfied product,Positive
price अनुसर् राम्रो छ quality तेति राम्रो क्षैनहलुक छ लौद,Positive
quality bad appearance looks majestic tho,Positive
yo price rate बब्बल् छ शोएसि recommend get fire,Positive
yes totally worth thanks,Positive
ओकय् price rounded thought,Positive
got wrong size relieved फ़चेइ ordered ४२ गोत्१९ exchange,Positive
dont want रेतुर्न्सोर्र्य् inconvenience,Positive
यार् k ओदेर् gare k आयो shoes फरक् x change गर्नु,Positive
size हल्क सनो छ ra shoe ko finishing राम्रो छैन,Positive
looks good boots wear let see wearing,Positive
quality price range ko हिसब् ले बब्बल् छ है,Positive
अलि late अयो saman otherwise product र्म्रो छ,Positive
price अनुसर् एक्दुम् थिक् छ धुक्क लिद हुन्क्ष,Positive
price good बेस्ति like,Positive
saman फ़रक् आयो होउ कस्तो ignore गर्को,Positive
हेर्द ta राम्रो cha aba कति तिक्ने ho,Positive
सोच banda राम्रो cha smiling face smiling एयेस्बेस्त् price grinning face smiling eyes,Positive
good price range thank,Positive
per price quality good smiling face smiling एयेस्थुम्ब्स्,Positive
chain damage वयेको saman आयेको छ,Positive
राम्रो छ use गर्न ni सजिलो छ्,Positive
according price shoes बेस्त्सलुतिन्ग् face,Positive
nice cheap price good quality hundred points,Positive
go guys won’t regret,Positive
एक् dum राम्रो comfortable smiling face hearts,Positive
price अनुसर् राम्रो छ जुत,Positive
येक्दम् राम्रो product छ,Positive
गोद्द् product go,Positive
४२को मगको ३९ आयो,Positive
dam good love,Positive
great price,Positive
great thumbs बबल् छ,Positive
saman त्व् ब्ब्ल् छ,Positive
good thumbs राम्रो छ,Positive
इम् satisfied thumbs,Positive
दमि लगो,Positive
nice shoes,Positive
बब्बल् छ,Positive
thanks,Positive
good one,Positive
nice slightly smiling face,Positive
price अनुसर् थिकै ho shoelace chai damage वको छ shoes material अलि पतलो लग्यो price wise good नै छ,Neutral
राम्रो जुत्त वनेर किनेको damage जुत्त परेक्ष,Negative
थिकै छ product prize अनुशर् ko delivery पनि time मै बयो,Neutral
saman वनेकै आको क्षा tara seller ko response त्यो chi थिक् lagena,Positive
सोच व्न्द धेरैईई र्म्रो product क्षह् थ्न्कु much दरज़् smiling face,Positive
order get loudly crying face,Neutral
worth १०००,Neutral
एक्दम् राम्रो छ quality thank seller delivery पनि suitable time व्यो yo product purchase गर्द kunai regret chai हुदैन red हेअर्त्वोन्देर्फ़ुल्,Positive
५थ् time बुयिन्ग् shoes store guess इम् totally satisfied product though delivery time bit longer cause location product service provide top notch fully satisfied seller दरज़् delivery sparkles,Positive
really unhappy product order martin normal zip chain martin last product highly recommend dont buy product दरज़्,Positive
एक्दुम् low quality discount हव ra बेकर्म discount ko हल्ल गर्क्ष तेस्को price without discount नै rs १००० enough leather also,Positive
एक्दम् बब्बल्धुक्क वयर किन्द हुन्क्ष price आनुसर् ta ya बत किनेर अर्को जुत्त पसल् ५०० profit खयर बेच्न मिल्नि जस्तो छ बब्बल् छ है shoe चैरेद् हेअर्त्रेद् heart,Positive
really worth price cant ask price sadly size didnt fit small ४० वोउल्द्वे best size didnt initiate return dont want go hassle gifted shoe least concerned money wasted,Positive
थिक्कै लगो tara original leather नवर plastic leather ho जस्तो क्षा तेइ ni थिक् छ हेरौ कति तिक्क्ष,Positive
dont say good dont say good एइथेर्थे shoes fine shoes fine depending cost quality totally low little bit damage shoal shoes good,Positive
j मगको ho तेहि order send गर्ने गर्ने होल customer ko paisa फ़लेर आउदैन उस्ले ni कमयेकै हुन्क्ष,Negative
good price range little difficult wear narrow space top,Positive
behaviour order got please replace product,Negative
impressive,Positive
ordered martin boots got another pair looks like girls boots,Negative
pure leather telling lie satisfaction प्रोदुच्तेन्रगेद् face,Positive
yes yo एक्दम् राम्रो छ price अनुसर् quality धेरै राम्रो ho लोवेद्,Positive
ओदेर् गर्द जस्तो तियो तेस्तै पएअ आब लगएअर हेर्नु छाथुम्ब्स् उप्थुम्ब्स् उप्थुम्ब्स्,Positive
fit size guess product good uss,Positive
एक्ष्पेच्तेद् delivery good shoes awesome hundred points,Positive
boot good quality also good love product,Positive
great quality delivery man needs raise,Positive
product good smiling face smiling eyes man पर्यो किन्द हुन्क्ष ह्ज्र् ह्रु ley smiling face smiling एयेशेअर्त् exclamation,Positive
quality good अच्च् price red हेअर्त्बेत्तेर् एक्ष्पेच्तेद्,Positive
good shown genuinely wort,Positive
bad offering price lets see use,Positive
quality average छ delivery time हल्क सुधर्नु पर्यो,Positive
बच ko size पथौने ho देखौ छ k पथौ छ k,Positive
good comfortable good quality,Positive
price अनुसर् थिकै tara mali personally low लग्यो,Positive
थिकै लगो अब् quality chai कस्तो छ हेर्न बकिन्क्ष,Positive
mero ४३ ko चहिन्क्ष ४२ ko रोइक्ष change गर्नु पर्क्ष,Positive
good quality according price worth wait,Positive
ओकय् thumbs राम्रो क्षप्रिचे अनुसर् राम्रो होगूद्,Positive
sole क्षैन्व् ब्रन्दिन्ग् लोगो क्षैन्व् na finishing छ,Negative
good quality thank service,Positive
good quality got best पच्किन्ग्,Positive
love price item well smiling face smiling एयेशेअर्त् एक्ष्च्लमतिओनेन्रगेद् फ़चेफ़चे blowing किस्स्स्मिलिन्ग् face हेअर्त्-एयेस्रेद् heart,Positive
quality good according price,Positive
value money nice best good,Positive
quality shoe great price,Positive
cheap best product according price,Positive
also good shoes buy premium price,Positive
worth good product reasonable price,Positive
photo real,Positive
अह्ह् price अनुसर् chai थिकै भ्न्न पर्ल,Positive
really good comfy honest,Positive
quality chai पोइस आनुसर् नै छ है,Positive
saman ta थिक् cha कति तिक्च हेरम्,Positive
saman रम्रोइ छ यतिको price red heart,Positive
side बत जन्क्ष glue use गरेको छ,Positive
अति राम्रो बबल् ani quality बेस्त्रेद् heart,Positive
delivery late छ k क्षितो हुनु पर्यो,Positive
राम्रो छ य्र्र् shoes nice quality,Positive
good quality best देलिअवेर्य्,Positive
per photo best per price,Positive
पोइस अनुसर् quality थिकेइ हू,Positive
want र्तुर्न् इने ओदेर्,Positive
ordered ४५ रेवेइवेद् ३५,Positive
really nice slightly smiling face product,Positive
मैले ४२ भनेको थिया ४१ होइन,Positive
price अनुशार् राम्रै cha,Positive
photo देखे जस्तो reality na हुदो रैक्ष,Neutral
like thanks दरज़्,Positive
nice वुअलित्य् honestly,Positive
clapping hands dark skin tone र्च्व् वयेओ,Positive
third classes shoes,Positive
nice एक्ष्पेच्तेद्,Positive
size different,Positive
पर्सल् good,Positive
size नै मिल्दिन,Positive
shoe size मिलेन,Positive
good quality,Positive
सोहेस् ta राम्रो छ मैले सनो size ko order गरेक्षु,Positive
product good,Positive
alright,Positive
satisfied,Positive
waste product,Positive
nice,Positive
shown red heart,Positive
सीम्स् good,Positive
nice shown,Positive
acceptable,Positive
great,Positive
bad,Positive
दमि,Positive
good,Positive
product रम्रै छ fast charging हुदो रैक्ष mobile charger overheat हुदो रैक्ष maybe फ़स्त्चर्गिन्ग् वय्र होल overall हेर्द एक्तिको price product totally worth इत्सो मजले लिद हुन्क्ष म्रो tarfa बत chai ४ stars चुज़् पच्किन्ग् wasnt much good thank,Positive
worth price पच्कगिन्ग् got previous charger one इफोने १३प्रो still know charging speed,Positive
mero original charger बिग्रेर लिगेको सोचे वन्द राम्रो छ दुक्क लिद हुन्क्ष है इफोने users fast charge हुन्क्ष original जस्तै,Positive
charger राम्रो लग्ये aba पसल् tire किनको वयुए १२०० १००० वन्थ्यो होल आब ६०० good price charger थिक् छ,Positive
product राम्रो छ man पर्यो red हेअर्त्चर्गे पनि fast नै लग्यो राम्रो पच्किन्ग् ra time delivery व्यो खुसि लग्यो folded हन्द्स्फ़ोल्देद् hands,Positive
happy quality उस्ब् power adapter sturdy works well however delivery took longer एक्ष्पेच्तेद् इम् satisfied product would recommend seller maybe work speeding delivery smiling face smiling eyes,Positive
२ din भित्र नै saman अयो delivery time चितो cha ani charger ne राम्रो नै cha fast charging रैक्ष अलि heat हुदो रैक्ष adapter तेइ ho tara lina सक्क्षौ guys worthy नै चविन्किन्ग् face,Positive
it’s good buy reading review i’m satisfied charger quality it’s fast works really good thank योउरेद् heart,Positive
ordered mobile charger ओन्लिने देलिवेरेद् time good पच्कगिन्ग् charger works perfectly charges phone quickly without ओवेर्हेअतिन्ग् build quality feels solid it’s worth price highly रेचोम्मेन्देद्,Positive
good product हैतिमे लगेयो अयुन lai mall चहि रमरै छ कसैलै चगेर् चैयो वनेय् चहि doubt किन्द हुन्क्ष,Positive
superb cha आइले सम्म रम्रै fast charge विएरको cha hope पचि पनि हुनेच कम् price येक्दमै राम्रो cha,Positive
बबल् लग्यो इफोने ko original charger इन्बोक्ष् गरेअको feel व्यो good quality face blowing किस्स्फ़चे blowing kiss लिनु होल regret क्षै हुन्न,Positive
अक्दम् खरू cha mal कद ववो दमि यतिको price यतिको samba पौन मुस्किल् cha yar दमि cha दुक्क ले लेद वो faster charger आगो cha mall फ़िरेOख़् hand,Positive
dont know warranty cost चेअपेर् exactly bought previously mobile gallery,Positive
feels amazing you’re looking affordable charger powers phone quickly premium feel go without second thought totally worth got one yesterday,Positive
कम् ta गर्क्ष tara yo adapter ko yo निस्केको छ hope seller really take look properly selling upcoming customers,Positive
worst product charge गर्द charger नै पग्ल्यो won’t recommend need new charger refund it’s ५ days bought product,Positive
रमेरो cha sab थोक् charge मह् लगको चिअन आब हेरुम् चर्ज् कस्तो हुदो रैच थन्कु दरज़् थन्कु store,Positive
cover २५ watt वयेनि charger chai २० watt ko रैक्ष ani बहिर batta जपनेसे लेखेको छ tara भित्र adapter chai made china छ फ़ेरि charger राम्रो रैक्षसमन् राम्रो लग्यो tara advertise gare अनुसर् product रैन रैक्ष,Positive
second charger purchase सुरु ko चेइ cable चलेको थ्येन yo second वल चेइ मजल्व् चहेल्को cha सबेइ first second purchase केइ adapter एक्दम् राम्रो चस्मिलिन्ग् face हेअर्त्-एयेस्,Positive
charger shown picture per price performance also good charging also fast overall good buy without doubt,Positive
literally worst product ever hand almost got burnt १२वीक् वथ्यो सयेद् loudly crying फ़चेथेय् didn’t even रेप्लिएद् मेस्सगेलोउद्ल्य् crying face प्ल्स् don’t buy,Positive
delivery chai राम्रो लग्यो fast delivery plus दै पनि friendly हुनुन्थ्योप्रोदुच्त् decent नै छ price अनुसर् राम्रो छ लिद हुन्क्ष seller ले chai reply गर्नु वयेन queries हरु थ्यूवेरल्ल् product एक्ष्पेच्तेद् नै छ charge राम्रो sanga हुन्क्ष २५व् ko ho लिकेद्,Positive
yo charge एक्धुम् राम्रो छ हजुर् हर्व् ley धुक्क वयर्व् किन्ध हुन्क्ष येति price येस्तो राम्रो quality ko च्रगेर् एक्धुम् worth ho it’s much better थोउघ्त्सतिस्फ़्यिन्ग् product thank,Positive
job well even though super affordable happy lasts months,Positive
fully satisfied product store थन्क्योउ much fast delivery best product,Positive
product देलिवेरेद् quickly अर्रिवेद् next day order well पच्कगेद् product amazing charges quickly सीम्स् genuine also price totally worth रेचोम्मेन्देद् buy looking good charger इफोने,Positive
र्स्४९९ येतिको पौनु गूधेअर्त् हन्द्सत्ति man पर्यो charge ni fast nei वक्ष येतिको rate येतिको आउनु js गूद्स्मिलिन्ग् face हेअर्त्-एयेस्,Positive
राम्रो छ वनुम् charge ne fast नै हुन्क्ष आबो main issue seller response may दरै म्स्ग् आय होल,Positive
saman राम्रो छ paisa अनुसर् saman थिक् x mobile पसल्म गए cable lai matra ८ ९०० वन्क्ष् delivery time value money,Positive
delivery fast product plastic material note saman chai scratch क्ष्व् र्व् used गरेको जस्तो क्ष्व् price dependent ४९९ yo charger prefect red हेअर्त्मेन्दिन्ग् heart,Positive
rs ४९९म किनेको मोइलेय्प्रिचे अनुसर् quality १०१०धुक्क भयेर लिद हुन्क्ष thank ब्ग् तेच्फ़चे blowing किस्स्रेद् heart,Positive
great प्रोदुच्त्चेच्क् mark बुत्तोन्लोवेद् red हेअर्त्पच्कगिन्ग् real deal check mark बुत्तोन्लिकेद् delivery well fast systematic,Positive
satisfying product… totally recommend people looking order one… worth इत्रेद् heart,Positive
product राम्रो छ tara delivery chai mero वनेको समये वन्द ढिलो वयो aru त्व् सबै थिकै छ,Positive
saman पये ध्नेबाद्,Positive
देलिवेरेद् fast work update use budget friendly रेचोम्मेन्देद् thumbs उप्थुम्ब्स्,Positive
good like price अनुसर् एक्दम् राम्रो लग्यो suggest everyone it’s good,Positive
लव्रेन्चे best fast charging इफोने thank much दरज़्रेद् heart fast delivery red heart,Positive
great प्रोदुच्त्चेच्क् mark बुत्तोन्लोवेद् red हेअर्त्लिकेद् delivery well fast systematic,Positive
good product nice quality buy tension अबित् late delivery,Positive
got time thank yellow heart,Positive
खत्र छ चगेर् २मिन् ४ percent हुन्क्ष smiling face हेअर्त्स्मेन्दिन्ग् हेअर्त्सबै ley किन्नु होल offer आको छ,Positive
mast charger छ according price fast charging less heating face एक्ष्हलिन्ग्,Positive
बबल् product price अनुसर् दमिक्ष product victory hand charge ni मज्जले हुन्क्ष दमि छ दमि,Positive
charger pic चर्गेर्को वित्र २० व्लेखेको छ cover २५ तेसो,Positive
good product delivery time also fast charging speed superb,Positive
charger तम्रो छ charging पनि fast हुन्क्ष खत्र छ charge छ kin da हुन्क्ष smiling face hearts,Positive
saman कस्तो order गरेको तेस्तै आयो happy product र्म्रो छ satisfied,Positive
satisfying product,Positive
product genuine …satisfied seller product…thank दरज़्,Positive
la थिक् x saman आयो वनेको जस्तै आको x कम् पनि गर्क्ष होल thank,Positive
nice charger fast charging good one चर्गेर्देलिवेरेद् one day thumbs,Positive
fast little bit ओवेर्हेअतिन्ग् issue overall really good,Positive
love products पच्कगिन्ग् good suggestions buy product,Positive
fast charging good product भैर किन्द १२०० पर्क्ष recommend,Positive
thing less money thing make phone charge full,Positive
nice product charge fast हुन्क्ष love also nice पच्कगिन्ग् thumbs,Positive
delivery fast item look like original original,Positive
nice product quality अस्लो best आबोहेरम् कतिए सूम तिक्कक्षा,Positive
पैच matra गयो mero राम्रो छैन फ़िर्त गर्दिनु ४ ५दिन् वय na,Positive
second purchase time मोम् totally worth,Positive
thank quite good लोवेद् charger cute,Positive
product good fast charging फ़ो mi १३ nice nice,Positive
product nice charge fast love product red heart,Positive
good पच्कगिन्ग् product reasonable price good buy,Positive
good पच्कगिन्ग् works well फ्न् highly recommend,Positive
भनेको ज्स्तैइ क्षह् चर्गेरल्सो fast charger cheap price,Positive
received good condition fast charger works well,Positive
it’s take lot full charge previous charger,Positive
it’s really good quality fast charging thank दरज़्,Positive
धुक्क वयेर किन्द हुन्क्ष product यक्दम् राम्रो छ worthy red heart,Positive
price अनुसर् राम्रो छ saman पच्कगिन्ग् also nice red heart,Positive
best fast charger ६०० thumbs उप्रेद् हेअर्त्बेस्त् genuine product red heart,Positive
normal price २५वत्त् good थक् छ love इत्मन् पर्योस्मिलिन्ग् face hearts,Positive
कम् गरेओ फ़ोतो देखे जस्तै छ हेरम् कति time चल्क्ष,Positive
good व्लेक्ष्पेच्तेद् product fast delivery thanks,Positive
nice charger price अनुसर् थिक् छ fast नै हुन्क्ष charge,Positive
good product १० days उसिन्ग् still perfectly उसिन्ग्,Positive
love product would definitely recommend थिशेअर्त् hands मेदिउम्-लिघ्त् skin tone,Positive
nice product price रन्गेपच्कगे also good,Positive
सबै ले किन्नु होल अक्दम् राम्रो छ ani delivery fast x,Positive
दमि छ फ़िरेफ़िरेफ़िरे २३ चोत्य् किने sake है मोइलए chai,Positive
charger good quality charger good,Positive
पच्कगिन्ग् product feels premium good quality,Positive
it’s good क़ुअलित्य्थन्क् दरज़् charger red heart,Positive
really love price quality good,Positive
love charger कति fast charging हुनि रैक्ष smiling face हेअर्त्-एयेस्,Positive
bought २न्द् time good product,Positive
charger ko quality राम्रो छ ani delivery fast,Positive
working well इफोने १११ hour मै ०८० पुघ्क्ष,Positive
बबल्ल् छ केइ na hare direct किन्द हुन्क्षहेअर्त् फ़िरेग्रोविन्ग् heart,Positive
charge ne थिकै हुनरय्क्ष nice quality face सवोरिन्ग् food,Positive
saman थिकै र्म्रो लग्यो price अनुसर् थिकै ho,Positive
वोवोवोवोव् fast charging outstanding,Positive
delivery fast product also good,Positive
love product fast charge affordable,Positive
रेचिएवेद् product worth price,Positive
येक्दम् राम्रो छ charger thank much,Positive
४९९ इफोने charger paisa वसुल् छ १०१०,Positive
good deal open package ओक्,Positive
product गूद्द् रम्रए cha lina सक्नु हुन्क्ष,Positive
absolutely amazing product लोवेद्,Positive
nice one येतिको price range राम्रो छ,Positive
great प्रोदुच्त्स्मिलिन्ग् face हेअर्त्-एयेस् delivery fast reliable,Positive
राम्रो छ है quality स्म्मोथ् sab बबल् छ,Positive
good product price cheep,Positive
good quality fast charging well,Positive
product good according price smiling face,Positive
nice one thumbs working properly slightly smiling फ़चेथुम्ब्स् उप्थुम्ब्स्,Positive
price अनुसर् एक् दम्म् राम्रो छ त्क़् दरज़्,Positive
product good works fast,Positive
worth product according price,Positive
rate राम्रो छ tara charging हुनैन,Positive
nice affordable ani effective त्भ्रेद् heart,Positive
fast delivery heart सुइथेअर्त् सुइथेअर्त् suit दमीईई छ,Positive
fast charge हुन्क्षएक्दम् राम्रो क्षह्,Positive
fast charger affordable price,Positive
मैले ४ वोत li sake दमीई क्षा,Positive
cost heavy dollar sign र्व् product बबल् छ फ़िरेफ़िरे,Positive
charger working thank smiling face smiling eyes,Positive
good one budget आनुसर् राम्रो छ,Positive
nice support fast charge red हेअर्थेअर्त् hands light skin tone,Positive
thank much दरज़् अप्प्रेद् हेअर्थेअर्त् hands,Positive
price अनुसर् best product thumbs light skin tone,Positive
दमि cha येति ko price red heart,Positive
recommended… best quality,Positive
fast delivery वयो thank,Positive
nice product thank,Positive
ram रो होइन के yo charger,Positive
it’s गूद्थन्क् दरज़्,Positive
good quality thumbs उप्थुम्ब्स् उप्थुम्ब्स् उप्रेद् हेअर्त्रेद् हेअर्त्फ़चे blowing kiss,Positive
good charger thumbs,Positive
like product red heart,Positive
wow fast हुन्क्ष च्ग्र्,Positive
received thank,Positive
charge नै हुदैन,Positive
पेर्फ़ेच्त्स्तर्स्तर्स्तर्स्तर्स्तर्,Positive
expensive smiling face smiling eyes,Positive
awesome product,Positive
cheap good,Positive
best chargers,Positive
thank दरज़्,Positive
good quality,Positive
राम्रो छ है,Positive
best grinning फ़चेग्रिन्निन्ग् face,Positive
good charger,Positive
good,Positive
good cha है,Positive
दमि लगियो,Positive
like,Positive
राम्रो क्षाअ,Positive
नननन्,Positive
it’s good,Positive
nice छ,Positive
lovely,Positive
wow,Positive
like,Positive
got,Positive
charging हुन्क्ष tara fast charging chai हुदैन इफोने १२ pro full charge ko लगि ४ hours लग्क्ष,Neutral
good fast charging nice products affordable price,Neutral
good product thumbs light skin तोनेथुम्ब्स् light skin तोनेस्मिलिन्ग् face hearts,Neutral
good products लोवेस्त् price,Positive
good product reasonable price,Positive
charger रम्रै छ एक्दम् slow charge हुन्क्ष review sab ko fast charge हुन्क्ष वन्येको वयेर लिग्येको लस्तै slow छ,Positive
product देलिवेरेद् time न्र्स् ४४९ ३पिन् वल charger order गरेको न्र्स् ३८९ वल २पिन् वल पथै दिनु वयेचलेत्स् see long लस्त्चर्गेर् ko wire पनि एक्दाम् hard रैच,Negative
उसिन्ग् १३प्रो मक्ष् working nicely found charging १ १५ min really worth price,Positive
got product त्यो type c pin adapter ko अलि बन्गो थियो अफ़ै मिल्यो good product buy fast delivery box seal पच्केद् थियो nice Oख़् हन्द्Oख़् hand,Positive
sir ma’am yo charger ले राम्रो कम् गरेन mero phone ११ ho slow charge वो मैले k गर्नु yo return कि लगे k गर्नु पेर्ने ho मलेइ fast charger चर्यको ho,Positive
product worked well देलिवेरेद् time feels premium ill update review based usage couple months,Positive
cable stiff fit intended wiggle charging ports might destroy cable within months,Negative
price अनुसर् येक्दमै राम्रो छ charge fast नैइ हुन्क्ष tara कति din सम्म हुन्क्ष त्यो हेर्मन् cable बिग्रिन्क्ष कि नैइ त्यो ni हेरत् aru ta सबै राम्रो क्षरेद् हेअर्त्स्मिलिन्ग् face,Positive
decent पच्किन्ग् उसिन्ग् hours give genuine reviews उसिन्ग् looks promising,Positive
amazing fast charger price totally worth चर्गेद् इफोने ६स् ४० ८० १५ minutes,Positive
got well पच्केद् looks nice quality well charger प्रेत्य् nicely let’s see long lasts update,Positive
got product offer price ३७४ charge चहि fast नै रहेक्ष इपोने xs मक्ष् aba कति तिकौ हुन्क्ष हेर्नै पर्क्ष,Positive
charger work perfectly fast charge ni गर्दिन्क्ष् hope कि battery lai केइ असर् केइ गर्दैन lets see future,Positive
broke less two वीक्स्नो अफ़्तेर्सलेस् सेर्विचेअन्द् one रेस्पोन्देद् मेस्सगेबुय् caution,Negative
charger थिकै cha data cable support गरेन mero mobile exchange ko लगि call गरेको seller lai call नै receive गर्नु बयेन adapter matra use गर्दै चु अर्को data cable किनेर,Positive
product राम्रो छ सुरु dar लग्दै थियो product satisfactory छ धुक्क ले किन्द हिन्क्ष येदि किन्ने सोच् हुन्हुन्क्ष vane,Positive
स्बै ko review हेरेर् मगको ho मैले ni १४प्रो ko लगि रोइक्ष् mero फ्न्११ पर्योअब् १४को charger ११म न्वको ho कि k होबुत् charger chai man प्रेन् म्लै हैदरज़् bat कहिले ni disappoint वको थियेन् आज् वये,Positive
एक्दम् राम्रो क्षह् इफोने ७ ८ ११ १२ १३ सम लैए मजलेय् charge हुन्क्षह् सस्तो येति पौन व्नेअको राम्रो ho good product,Positive
थिक् छ मलए चैइ चित्त बुज्यो personally review dida…lida वयो तपोई हरु ley…dokan २५०० वनिहल्क्ष या लिद फ़ैदैइ क्षग्रिन्निन्ग् face big eyes,Positive
charger दमि रहेक्ष सोचेको वन्द बधि नै राम्रो छ मज्ज ले किन्द हुन्क्ष सबै ले fast charger निह्ह् हुन्क्ष …same original charger जस्तो छ smiling face हेअर्त्-एयेस्स्मिलिन्ग् face हेअर्त्-एयेस्रेद् heart,Positive
hi got phone चलौदेइ हेर्द पक्षि ३ minutes ७ charge बध्यो quite good price range aba let’s see,Positive
एअक्दम् राम्रो छ product fast charge ne हुन्क्ष खसै phone heat ne वयेन येस्ले गर्ये पक्षि ta एअक्दम् नै राम्रो छ सबै ले लेद हुन्क्ष,Positive
good quality charges phone normally ब्च्ज़् phone doesn’t supports २० watt सू it’s pretty good,Positive
worth price राम्रो छ tra च्ब्ल् अलि quality कम् ko छ anyway good cable chai ओर्गिनल् नै किन्नु पर्क्ष,Positive
got charger price data cable thats good charging also quite fast,Positive
चार्जर एकदम original छ अनि राम्रो छ है साथीहरुपैसा हालि्किन्दा कुनै पछुतो छैनएकदम राम्रो,Positive
defective… didn’t work all… waste money better buy product good quality…,Positive
working fine एक्दम् fast ta छैन ओफ़्च् nice according price thank much,Positive
it’s nice delivery also fast मलै ta एअक्दम् दमि लगि fast charge हुन्क्ष,Positive
५०० charge worth everyone recommend go try,Positive
love,Positive
रम्रै छ k अब् हिजो बत ta ho चलको २ ४ din हेरम् कस्त्को हुन्क्ष तेस्पक्षि vanilla,Positive
येक्दम् सहि cha original ko जस्तो काम् cha…you trust it…i’m fully satisfied,Positive
slow charge २५ watt charger box sir slowly charge इफोने ११ pro,Positive
थिकै x tera ८० वन्द मथी अलि time लौदै x tera केइ क्षैअन् yo price माशम्रोच्क्मेन्दिन्ग् heart,Positive
मलै chai २५ wat ko नै adapter ako क्षह् tara speed chai normal नै छ charging ko,Positive
एक्दम् राम्रो क्षह् fast charge हुन्क्ष एक्दम् man पर्यूओस्मिलिन्ग् face हेअर्त्स्स्मिलिन्ग् face हेअर्त्-एयेस्सस्तो राम्रो क्षह् एक्दम्म्,Positive
२५ watt ko हैन रैक्ष disappointed time सस्तो अरुको review हेरेय् ra लेको,Positive
nice product price see far वोर्क्वलुए money product,Positive
राम्रो छ fast charging हुन्क्ष wire chai हल्क चोतो रैक्ष नत्र गूद्थुम्ब्स्,Positive
wow एक्दम् राम्रो छ pic व्ये जस्तैइ quality ni एक्दम् राम्रो छ thank ऊउ,Positive
delivery पनि fast well charging ni fast अक्दम् मन्पर्यो thank smiling face smiling eyes,Positive
३र्द् time पुर्चसिन्ग् …fast चर्गिन्गेक्ष्चेल्लेन्त् quality cheap price thumbs उप्थुम्ब्स्,Positive
राम्रो छ buy गर्द हुन्क्ष charge normally नै हुन्क्ष fast chai हुदैन,Negative
like product…it works perfectly fine…thank team दरज़्चीर्स्,Positive
nice charger good changer इफोने x let सीए day day,Positive
wire doesn’t सीम्स् fine adaptor good value money,Positive
one best product price absolutely worth बुयिन्ग्,Positive
देरै देरै राम्रो छ एक्दम् बबल् छ red हेअर्त्रेद् हेअर्त्रेद् हेअर्त्रेद् हेअर्त्रेद् हेअर्त्रेद् हेअर्त्रेद् हेअर्त्रेद् हेअर्त्रेद् हेअर्त्रेद् हेअर्त्रेद् हेअर्त्रेद् हेअर्त्रेद् हेअर्त्रेद् हेअर्त्रेद् हेअर्त्गूद्,Positive
पहिलो jati fast charge हुन्थ्यो पिक्षदि त्यस्तो fast charge vane वयेन,Positive
great product price point fancy efficient,Positive
इम्प्रेस्सेद् product buy without confusion,Positive
price पैद् satisfied product delivery,Positive
first order दरज़् किन्द fully satisfied,Positive
well पच्कगिन्ग् worth also delivery fast लोवेद् red heart,Positive
धेरै धेरै राम्रो छ ढुक्कले किन्दा हुन्छ धन्यवाद पसले साहुजीलाई folded hands,Positive
works well charges इफोने १३ pro decent speed,Positive
मह् yo charger use गरिरको क्षु राम्रो छ overall थन्क्योउहेअर्त् hands light skin तोनेरेद् heart,Positive
good product fast charging पनि हुन्क्ष अनी quality ni राम्रो छ,Positive
product चिनेसे ho तेइनि रम्रै काम् गर्क्ष सब्लेय् किनद हुन्क्ष,Positive
cheap product chai दमि छ …2nd time ओदेर् charger,Positive
nice clean got time product shown picture,Positive
१ months वको छैन जलेर येस्तो वयो worth buy,Negative
product good हल्क heat हुन्क्ष tara fast charge हुन्क्ष,Positive
nice product पच्कगिन्ग्त्वो हेअर्त्स्वोर्थ् बुयिन्ग् इफोने users,Positive
awesome product एक्दुम् राम्रो cha charge पनि अति fast हुन्च,Positive
good good fast charging हल्क चकप् ni देको,Positive
charge fast वैरच happy buy ११११ offer red heart,Positive
good प्रोद्चुत्स् anyone buy good प्रोद्चुत्स् seller thanks,Positive
fine according price उसिन्ग् म्फ़ि certified cable,Positive
अति सस्तोम अतिको charger पौनु अक्दम् खुसिको कुर ho,Positive
राम्रो छ धुक्क वयर लिद हुन्क्ष ओग् ni वन्न matra ho,Positive
राम्रो छ उसिन्ग् one वीक्चर्गे पनि क्षितै हुन्क्ष,Positive
good compatible इफोनेस् इफोने x,Positive
इफोने १५ pro मा बब्बल् fast charge support गरिरक्ष,Positive
bad product one use charge phon enraged फ़चीन्रगेद् फ़चीन्रगेद् face,Positive
पच्कगिन्ग् good price best stuff good,Positive
चदै आयो saman ava हेरुम् कतिको तिक्क्ष yeo dam,Positive
think quality अप्पेअरन्चेगूद्,Positive
लोवेद् product give त्र्य्हेअर्त् hands मेदिउम्-लिघ्त् skin tone,Positive
good मलै chai yati ko price मह् एक्दम् man पर्यो face blowing kiss,Positive
shipping time product also good worth,Positive
राम्रो छ value money ani charge ni क्षितै हुन्क्ष,Positive
like good fast चर्गेर्हेअर्त् hands light skin तोनेइन्देक्ष् pointing viewer light skin tone,Positive
working good right see upcoming days smiling face smiling eyes,Positive
good quality better price fast charging,Positive
charge थिकै x फ़स्त्कति समये तिक्क्ष् हेरम् अब्,Positive
cable nei चलेको चैन adapter work nicely,Positive
made china still work good buy,Positive
delivery boy good person speak humbly,Positive
bought twice one home one office perfect,Positive
it’s good tara अलि धेरै नै heat हुदो रहेक्ष,Positive
good quality देलिवेरेद् २ days थब्क्,Positive
worst चलको ३४ din मेइ दतचब्ले बिग्र्यूऊफ़चे vomiting,Positive
product good price also reasonable,Positive
build quality good heavy रहिच adapter ne thumbs,Positive
nice product quality also सू good,Positive
good nice worthy product timely देलिवेरेद्,Positive
सबै राम्रो cha reasonable price goods त्क़्,Positive
good per price fast charging good price,Positive
charger सू good price range,Positive
बबल् छ लिद हुन्क्ष sab ले खत्र छ खत्र,Positive
fast charging nice charger buy त्रुस्तेद्,Positive
good one till lets see future,Positive
राम्रो रैक्ष अदेप्तोर् हल्क तत्ने रैक्ष,Positive
fast charging good product चिपेस्त् price,Positive
अर्रिवेद् overnight perfect accessory,Positive
said २५ received ३५ watt good,Positive
दमि छ guys दुक्क वयेर किन्नुस् लथुम्ब्स् उप्थुम्ब्स् उप्थुम्ब्स्,Positive
थिक् छ येति ko price किन्द हुन्क्षबोउक़ुएत्रैसिन्ग् hands,Positive
good product fast delivery aswell,Positive
got charger review later,Positive
nice products past charging speed,Positive
बबल् छ हैइ sab कोनमि ब्द्ज्द्ज्द्न्द्न्द्न्फ़्फ़्,Positive
nice product लोवेद् thanks दरज़्,Positive
work nice reasonable price,Positive
good product price range पर्त्यिन्ग् face,Positive
nice product heat faster,Positive
worth इत्त् affordable price सलुतिन्ग् face,Positive
fast delivery च्गेर् good,Positive
good according price,Positive
one day चलयो तेस्पक्षि chalana crying face,Positive
good quality heats fast,Positive
fast charging convenient hand index finger thumb crossed light skin tone,Positive
hoin charge नै हुदैन् ta k वको,Positive
excellent product like,Positive
charge राम्रो cha किन्द हुन्च,Positive
best price…worth बुयिन्ग्,Positive
ho charge quickly राम्रो लग्यू,Positive
it’s good working fine,Positive
price अनुसर् थिकै छ product,Positive
अव्सोमे product value money,Positive
बबल् cha लस्तै fast हुन्च,Positive
product quite impressive,Positive
great अर्रिवेद् time,Positive
राम्रो क्षह् हैइ product chai,Positive
good low बुद्जेत्,Positive
good रम्रै छ थिकै लगेओ,Positive
राम्रो क्षा fast charge हुन्क्षा,Positive
yes वोर्किन्गि लोवेद्,Positive
best product best price face सवोरिन्ग् food,Positive
थिकए क्षह् product रम्रए क्षह्,Positive
good product cheap price,Positive
राम्रो क्षाइन है slow charge,Positive
चुवक् x लिद हुन्क्ष् chill,Positive
pretty good price,Positive
it’s good much price,Positive
एक्दम् राम्रो क्षह् लिद हुन्क्ष,Positive
चेअप्बेस्त् thank दरज़्,Positive
guess worth price,Positive
best price range,Positive
nice product fast charge,Positive
product good thanks,Positive
nice प्रोदुच्त्स्मिलिन्ग् face smiling eyes thank,Positive
it’s good purchase smiling face hearts,Positive
रम्रै छ aile सम ta,Positive
effective product,Positive
price अनुसर् राम्रो छ,Positive
nice fast delivery,Positive
good quality suitable,Positive
charger राम्रो छ thumbs मेदिउम्-लिघ्त् skin tone,Positive
till good today,Positive
price अनिसर् रन्रो छ,Positive
works fine त्क़्,Positive
good unexpected,Positive
like well,Positive
good प्रोदुच्त्रेद् heart,Positive
एक्दम्म् दमी cha face blowing kiss,Positive
satisfying product,Positive
nice product,Positive
it’s good red हेअर्त्रेद् heart,Positive
nice fast charger,Positive
लोवेद् product,Positive
it’s working good,Positive
awesome प्रोदुच्त्रेद् heart,Positive
२ din मै बिग्रियो,Positive
yo price राम्रो छ,Positive
like smiling face हेअर्त्-एयेस्,Positive
good प्रोदुच्त्Oख़् hand मेदिउम्-लिघ्त् skin tone,Positive
fast charging,Positive
कम् बै gardens,Positive
थ्हे बेद्त्,Positive
one lit bit yellowish white hope lasts longer,Positive
sounds good lets see हप्पेन्स् next,Positive
paisa अनुसर् ko quality cha कम् गर्दै छ हेरौन्,Positive
much good blue heart thank providing growing heart,Positive
अर्रिवेद् good condition works great,Positive
product fine छ button kunai पनि चल्देइन ani color हल्क yellow जस्तो देख्क्ष bass loud छ aru थिकै छ,Neutral
got earphone affordable price really लोवेद् one sound quality awesome,Positive
good एअर्फोनेहेअर्त् एक्ष्च्लमतिओनिन् बुद्गेत्सोउन्द् average price range good thing smiling face,Positive
product nice shown पिच्तुर्रे,Positive
राम्रो cha sound ni थकै लगो,Positive
quality good,Positive
एक्ष्पेच्तेद् thumbs,Positive
ओक् regular use problem,Neutral
product defective sound right side earphone need exchange else please,Negative
quality earphone unacceptable sound quality good got better earphones चेअपेर् price लस्तेद् month एक्ष्पेच्तेद् dont think going lasting longer,Negative
dont buy anything form shop says two item bill देलिवेरेद् one item,Negative
useless get pay broke next day thanks दरज़्,Negative
न्द्रोइद् volume support गरेन मिच् matra चल्दो रैक्ष सम्सुन्ग् ज्४,Positive
bad earphone earphone thin wire,Negative
first purchase excellent service nice quality लोक्किन्ग् purchases दरज़्,Positive
नोत्गूद् stop working ३ days,Positive
design good sound quality good,Positive
heck one side वोर्किन्गेन्रगेद् face,Positive
one works another defect hearing,Positive
product वोर्स्त्वेर्य् bad quality,Positive
volume button doesnt work,Positive
worst dont think buy,Negative
१००० rs earphone १५०,Positive
cheap quality shown pic,Negative
फ़्रेन्शे लिकेद्,Positive
broke within month usage,Negative
मिच् वोर्क्रोल्लिन्ग् floor लौघिन्ग्फ़चे tears जोय्ग्रिन्निन्ग् face स्वेअत्लोउद्ल्य् crying फ़चेलोउद्ल्य् crying फ़चेलोउद्ल्य् crying face,Negative
sound quality good,Positive
nice earphone love,Positive
२दय्स् मै बिग्र्यो हव,Positive
wire cut two three places,Negative
waste money,Positive
extremely weak,Negative
worst product,Positive
worse येतेक्ष्चेप्त्सोउन्द् quality everything bad क़ुअलित्य्मैन् विरेइस् totally useless thirty party wire,Negative
१एअर् pod received पुर्चसेद् २ १ received,Positive
quality good,Positive
worst broken १ hour delivery low quality product,Negative
निचेस्लीप्य् face,Negative
worst,Negative
good,Positive
smiling face smiling एयेस्स्मिलिन्ग् face smiling eyes,Positive
deliver one defect earphone,Positive
worths प्रिचेथुम्ब्स् मेदिउम्-लिघ्त् skin तोनेथुम्ब्स् मेदिउम्-लिघ्त् skin tone,Positive
sound quality bad,Negative
gross,Negative
ordinary earphone sound quality average good price expect,Negative
मिच् doesnt properly work,Negative
good,Negative
राम्रो छ like,Positive
nice earphone,Positive
cheap worst,Negative
earphone got doesnt work one side doesnt function bad,Positive
worst,Negative
price आनुसर् saman थिक्क्ष tara येस्म आउत mobile पनि आत्दैन य्र्र् grinning squinting फ़चेतर पनि चौमिन् ra चौचौ खन lai थिक्क्ष इम् happy got product thanks दरज़् buy product handshake,Positive
dear sir मम् order green colour send red क्षोलोउर्,Positive
मुल्य अनुसर् saman एक्दम् राम्रो छ धुक्कले लिद हुन्च हजुर् folded हन्द्स्फ़ोल्देद् हन्द्स्फ़ोल्देद् hands,Positive
perfect deep वाटामा normal वाटा पठायो सेलर फटाहा रैछ जे भनेको ६ त्यो पठाउनु नी फरक नम्बरको पठाएको छ । ४ ५दिन लगाएर discount र भौचर कलेक्ट गरी गरी अडर गर्‍यो फेरी ६७ दीन लगाएर delivery को वेट गर्‍यो लास्टमा फरक आइटम पठाउछन् चोरहरूले disappointed dont buy seller,Positive
expectations भन्द अलि सनो नै रैक्ष,Positive
ह्या मत थुल्लै होल बत offer आयेक्ष भनेर हतनपत्त किनिहलेको ta भरे आउद ta इत्रु रैक्ष पुद्कु cute winking फ़चेविन्किन्ग् face,Positive
सनो रक्ष खै k ग्र्ने ho येस्को त्व् ko remote वन्द सनो छ हुन ta flash sales लेको ho tara येति सनो होल सोचेको थिन aba return गर्नु पर्ल,Negative
रेविएव्व्रपुप् quality good size average भुज हलेर खन lie थिक् ६स्मिलिन्ग् face हेअर्त्-एयेस्,Positive
सोचे भन्द सनो cha dam tire अनुसर् market aru better alternative cha yo price range,Positive
quite nice price thumbs light skin tone,Positive
quite small रेविएव्व्रपुप्,Positive
small एक्ष्पेच्तेद्,Positive
small fine rs १७,Positive
दामि छ,Positive
size सनो क्षबुत् ओक् price,Positive
quality good,Positive
सनो रैछ प्रिच्र् अनुसर् थिकै छ,Neutral
thank dear seller well दरज़् provide genuine product service really satisfied प्रोदुच्तन्द् recommend buy product affordable appreciate price rs ३४,Positive
thank dear seller well दरज़् provide genuine product appreciate affordable price rs ३५ recommend dear चुस्तुमेर् buy confidence hard price worthy,Positive
aspection vs reality grinning squinting फ़चेरोल्लिन्ग् floor लौघिन्ग्फ़चे tears जोय्फ़चे tears जोय्फ़चे tears joy,Negative
product ko size पिच्तुर देख ko भन्दै लस्तै सनो छ पसल् तिर rs २० मै पैन्क्ष say कि yo na किन्नु होल,Negative
good thing reasonable प्रिचेबुत् delivery late thanks दरज़्रेविएव्व्रपुप्,Positive
yo अर्कै picture use गरेको ho real yo सनो क्षग्रिन्निन्ग् face तेइ ni मलै chai थिक् लग्यो,Positive
delivery boy तिक् लग्यो मलै thank दरज़् product,Positive
अलि सनो रक्षेक्ष product थिक् छ,Positive
७ inch ko छ ra थोरै मज्बुत् छ,Negative
देखयेको size भन्द देरै सानो छ,Negative
सानो छ hau yo सोचे वन्द धेरै सानो,Positive
आउच tara सनु cha है,Positive
good quality recommend,Positive
देलेवेर्य् charge expensive,Positive
thin bad quality ओक् price,Neutral
small good,Positive
good product cheap price,Positive
small इम् unhappy pensive face,Negative
small face holding back tears,Negative
good built quality,Positive
according price good प्रोदुच्त्बुत् small धेरै धेरै धेरै सनो क्षा,Neutral
size small,Positive
cute small,Positive
थिकै छ tara size सनो छ la pic देखय जस्तो थुलो चहि छैन,Neutral
useful daily kitchen use,Neutral
सोचेको वन्द धेरै सनो छ tara quality राम्रो छ,Neutral
good quality worth price,Positive
सोचे वन्द सनो आको छ,Neutral
cute छ सनो,Positive
एक्दुम् सनो रैक्ष,Neutral
size small,Neutral
small,Positive
best price product show image become smaller size,Negative
सन्सर् kai गल्ति gara रैक्षु व्हन yo saman किन्ने गल्ती top आउक्ष,Negative
ordered ३ products seller sent २ almost month issue still एक्षिस्त्स् total negligence seller,Negative
सोचेको वन्द लस्तए सनो,Negative
picture chai थुलो देखयेर product ऐपुग्द ta bowl जत्रून्ल्य् waste money,Negative
size सनो रक्ष है,Neutral
photo थुलो जस्तो देखयेर लस्तै सनो बेच्योयो scam होनफ़स्नु होल,Negative
saman कस्तो cute छ bouquet आति सनो छ kina ho saman हरु सोचेको वन्द ni सनो हुने face tears joy,Negative
product dam औन्सर् थिकै छ सोचे जस्तो बलियो छैन,Negative
देलिवेरेद् ६दय्स् later,Negative
worth price small,Negative
good product,Negative
small shown picture,Negative
कम् छैन,Negative
व्व्गूद्,Positive
small size,Negative
देरए small वो,Negative
expect vs reality,Negative
good,Negative
सनो वयो,Negative
picture bid real small,Negative
small,Negative
small shown,Negative
small brother लोवेद् happy सेर्विचेस्लिघ्त्ल्य् smiling face thank उह् सू much दरज़् entire तेअम्रेद् heart,Neutral
राम्रो छैन price पनि धेरै छ राम्रो sanga चल्दैन,Positive
price अन्सुर एक्दम् best छ लोवेद् beaming face smiling एयेस्बेअमिन्ग् face smiling eyes,Positive
quality also गूद्बेअमिन्ग् face smiling eyes,Positive
दाम अनुसार ठिकै छ,Positive
कम् चलौ छ,Positive
quality product good thumbs price also good thumbs,Negative
much comfort still good price,Neutral
awesome need replace बत्त्र्य् time time,Positive
best products price grinning face smiling eyes,Positive
हू,Positive
सस्तो र राम्रो धुबि लगो smiling face open hands⁠◍⁠•⁠ᴗ⁠•⁠◍⁠⁠red heart,Positive
product perfect,Positive
good price,Positive
थिक्क्ष price आनुसर् smiling face open hands,Neutral
good children smiling face,Positive
ओक् quality,Positive
fully satisfied product,Positive
good,Positive
good product price range winking फ़चेहुन्द्रेद् points,Positive
राम्रो x यतिको price,Positive
screen bit bump little brother quite good per affordable amount,Neutral
worth price,Neutral
brother दमगेद् within day,Neutral
price अनुशर् थिक् छ,Neutral
कस्तो saman पदको na time मिल्क्ष na खिआलु जस्तो,Negative
dont buy product case huge scam,Negative
उसेफ़ुलित्स् open,Negative
good thumbs उप्स्मिलिन्ग् face smiling eyes,Negative
product much worst,Negative
पच्कगिन्ग् good product genuine shown picture,Positive
good product good quality smiling face सुन्ग्लस्सेस्थन्क्ष् म्र्दरज़्स्मिलिन्ग् face सुन्ग्लस्सेशुन्द्रेद् पोइन्त्स्स्तर्-स्त्रुच्क्रोसेपर्त्यिन्ग् फ़चेस्मिलिन्ग् face hearts,Positive
yesterday received order ओपेनेद् package disappointed frame color different means seller चेअतेद् please dont thank,Positive
build quality गूद्फ़्रमे material गूद्प्लस्तिच् देलिवेरेद् fast price affordable section blue cut glasses satisfied product assurance authenticity blue ray cut ग्लसेस्स् होपिन्ग् serves purpose cuts harmful blue cut rays bought bought २ प्च्स् came good shape size buy u वन्न gamble beaming face smiling eyes giving ४ stars since way prove authenticity,Positive
received पच्कगिन्ग् good looks everything ओक् may take time effective product really,Positive
good looks amazing quality best good product चेअपेस्त् price,Positive
per price range worth use beaming face smiling eyes love thanks making wearable watch त्व् lot इम् गोन्न use,Positive
product good delivery service fast येति सस्तो rate तेस्तो product पौनु रम्रै ho लिकेद् smiling face smiling eyes,Positive
२१५ ko glass complain गर्ने थौ नै छैन धुलो protection lai best होल dont know blue ray cut,Positive
really blue रेय् cut glass wear saw font sale display think इम् confused smiling face tear looks like black didnt order k,Positive
glass ko box ni दियो na yr ओनि plastics हलेरो पतको poor पच्किन्ग् होरु glass yo prize तिक्क्ष्ह,Positive
satisfied product picture blue cut glass normal glass like dust cut,Positive
blue light cut glasses provide excellent eye comfort reduce digital strain enhance focus long screen sessions lightweight stylish effective quickly बेचमे essential work accessory,Positive
na हेरि order पच्किन्ग् गर्नु हुन्क्ष k ho black २ ta order गरेको white १ ta matra पथैदिनु वको छ glass पनि normal छ पच्किन्ग् गर्द राम्रो sanga detail check गर्नु होल,Positive
product steal low price get amazing glass totally worth,Positive
glasses good worth price रेचोम्मेन्देद् वन्न buy blue cut glasses,Positive
good glass according price value money blue ray क्षेक्नु si क्षेक्दैन रेक्ष,Positive
parcel got two day early quality जुस्तिफ़िएद् according money स्पेन्त्निचे product,Positive
सर्भिस सब ठीक छ तर सामानहरूको साइज पनि राख्नु पर्यो ताकि कुन साइज लिने भनेर ग्राहकहरुले,Positive
blue light block गर्क्ष वनेर किने ko total waste money thumbs दोव्न्थुम्ब्स् दोव्न्थुम्ब्स् दोव्न्थुम्ब्स् दोव्न्थुम्ब्स् दोव्न्थुम्ब्स् दोव्न्थुम्ब्स् दोव्न्थुम्ब्स् दोव्न्थुम्ब्स् दोव्न्थुम्ब्स् दोव्न्थुम्ब्स् दोव्न्थुम्ब्स्,Positive
nice one physically वन्तेद् ask seller whether cuts blue rays,Positive
gud better price best हन्द्शकेपर्त्यिन्ग् face buy regret white like cleanser,Positive
एक्दुमै राम्रो लाग्यो जस्तो expect गरेको थिये तेस्तै पायेथन्क् दरज़् smiling face hearts,Positive
product good quality पच्कगिन्ग् also good delivery fast,Positive
product nice price smiling face nice nice price आनुसर् राम्रो छ,Positive
quality good प्रिचेथिस् us view saw glasses,Positive
looks good quality first impression received product अद्वेर्तिसेद्,Positive
rs २४९ good deal glasses seem work meant however lenses quite delicate get स्च्रत्चेद् easily didnt high expectations think quite happy satisfied got paisa वसूल् would say,Positive
ओम्ग् सूओ nice it’s really pretty got good price,Positive
थिक् छ delivery पनि time वन्द अगदि नै गर्नु वयो thank red heart,Positive
thank दरज़् getting good stuff cheap price folded हन्द्स्फ़ोल्देद् hands,Positive
absolute perfect thing looking computer glasses,Positive
product shown picture received good condition,Positive
looks like works पस्सेद् test update review later remember,Positive
good quality ko क्षदेलिवेर्य् also fast लिद हुन्क्ष धुक्कले,Positive
nice one dont think works blue ray protection,Positive
overall product good happy instant delivery,Positive
good quality nice छ price पनि reasonable नै छ,Positive
received good condition hope cut blue rays,Positive
nice product safe देलिवेरेद् little big,Positive
nice price would better box provided,Positive
goods good एक्ष्पेच्तेद् got देलिवेरेद् time,Positive
looks good dont know blue cut lets see,Positive
satisfied product delivery fast smiling face hearts,Positive
price आनुसर् ta रम्राइ छ मलै ta man परियो,Positive
पिच्तुरेथन्क् दरज़् seller,Positive
good good general पच्कगिन्ग् mid,Positive
राम्रो छ haired हेअर्त्मलै chai हल्क थुलो वयोफ़चे spiral eyes,Positive
product good condition thanks दरज़्,Positive
think good use work ओक्,Positive
चस्मको फ्रेम् ra सिस hi quality product छ,Positive
offer price पको price हेरिकन रम्रै ho,Positive
राम्रो cha येतिको price go,Positive
good एक्ष्पेच्तेद् thank service,Positive
expectations it’s nice price,Positive
wow good product cheap price,Positive
लिकेद् picture,Positive
राम्रो छ मलै ta man पर्यो suggest buy,Positive
received good चोन्दितिओन्लोवे,Positive
good low price affordable,Positive
थिअ thing वन्तेद् प्लेअसेद्,Positive
good product according price,Positive
good quality चेअल् price रेचोम्मेन्देद्,Positive
बबल् लयो दुक्क वयर लिद हुन्क्ष pink हेअर्त्रिब्बोन्,Positive
thank much थिस्स् time,Positive
blue cut glass product good,Positive
nice quality affordable प्रिचेवोर्थ्,Positive
really nice recommend,Positive
राम्रो छ fast delivery love red heart,Positive
पच्केद् पच्कगेवेल्ल् thumbs उप्थुम्ब्स् fast delivery,Positive
राम्रो लग्यो मलै येतिको price ta,Positive
love eyeglasses नेर्द् फ़चेग्लस्सेस्स्मिलिन्ग् face हेअर्त्-एयेस्स्पर्क्लिन्ग् heart,Positive
great love,Positive
worth,Positive
glass perfect लोवेद्,Positive
nice better thought,Positive
१ number बबल् छ लोवेद्,Positive
chasma राम्रो cha good दामि,Positive
thank product,Positive
price अनुशर् थिक् छ्फ़ोल्देद् हन्द्स्बेअमिन्ग् face smiling eyes,Positive
ठिकै छ normal use को लागि।,Positive
product रम्रै छ यत्तिको,Positive
राम्रो छ मूल्य अनुसार को,Positive
रम्रै क्षै k २०० thumbs,Positive
nice glasses like,Positive
received looks good,Positive
product goods,Positive
थिकै छ पोइस सुन्दर्,Positive
nice like,Positive
excellent worked well,Positive
price अनुसर् थिक् छ,Positive
wow beautiful smiling face tear,Positive
thank दरज्,Positive
great experience,Positive
value money,Positive
nice क्षफ़ोल्देद् हन्द्स्फ़ोल्देद् हन्द्स्स्तर्-स्त्रुच्क्स्तर्-स्त्रुच्क्,Positive
nice cool छ,Positive
job,Positive
राम्रो लग्यू,Positive
awesome,Positive
तोइद्,Positive
ग्द्,Positive
निच्,Positive
thanks…,Positive
lovely smiling face हेअर्त्-एयेस्,Positive
good according price range,Positive
really blue ray cut glass dont think checked light source नोन्पोलरिज़ेद् blue ray cut lens reflections light see white computer screen screen slight yellow tint blue ray cut lenses theres change ग्लस्स्थे उप्लोअदेद् photo show difference,Neutral
satisfied heart hands,Positive
ordered black received थिस्क़ुअलित्य् looks normal plastic average glass,Neutral
product नै रम्रै cha affordable cha price ko अनुसर् value money हूओ,Neutral
good product,Positive
ordered lets see effective works,Neutral
good product according price,Positive
according price किन्द good feel heavy,Neutral
decent amount money pay,Neutral
good लीत्ले bit गिगन्तिच्फ़चे tears जोय्हेअर्त् suit,Positive
normal छ blue cut छैन,Neutral
quite गूद्थुम्ब्स् dark skin tone,Neutral
अलिक् सनो रक्ष tight वयेर २०३० min लयेपक्षि kan दुख्न थल्यू tara yo price एक्दम् दमि product ho,Positive
yo blue ray cut glass नै ho रै ordered येस्तेर्दय्केइ फ़रक् देखिन्न ta normal glass वन्द,Positive
yo pack गर्ने पगल् ho क्य ho option मह् मैले black choose गर्य थिये frame तेइनि sab white पथै द्य छ निब्ब हरु ko chasma लगिरक्ष,Positive
थिक् थक् छ tara yo mobile त्व् computer use गर्द नै लगौनि chasma ho ni येस्ले eye lai आसर् गर्दैन होल ne,Positive
ordered three item store one got foldable glasses instead blue ray cut glasses dotted line face,Negative
shame shown picture doesnt seem like blue ray cut though good use normal ग्लस्शुन्द्रेद् points,Positive
लोवेद् product genuine shown pictures cant expect ४०० guys try sure fire,Positive
received today like fast delivery nice product according price range thank दरज़्,Positive
blue ray cut glass checked blue ray shop seller चेअतेद् file चसीन्रगेद् फ़चीन्रगेद् फ़चीन्रगेद् face fake details रख्न ta वयनि ni j छ तेहि रख्नु ni,Negative
doesnt protect eyes screen time dont fool पेओप्लेइत्स् like normal one price हिघ्थिस् गुस्ते trash वस्तेबस्केत्लित्तेर् bin sign,Negative
good इवन्त् different two glass got one lets see whether exchange product १ star till exchange give ५ star,Positive
बुले ray cut glass वन्येको normal पथुनु वयेक्ष aba yo kina ho त्यो उह हरु lai नै थक्ष tara पथौन blue ray cut glass नै पथौन पर्थ्यो,Negative
product different time doesnt support blue lenses waste money say,Negative
awesome smiling face sunglasses,Positive
good प्रोदुच्तेक्षच्त्ल्य् अद्वेर्तिसेद्फ़ील्स् nice वेअरिन्ग्पिच्तुरेस् looks वेल्ल्थन्क्,Positive
glass राम्रो cha perfect fit scratch राम्रो पच्किन्ग् आको थियो तेस्तो केइ issue चैन,Positive
thought blue ray glass plastic disappointed blue ray,Positive
really waste money nothing good good low price ओकेय्,Positive
८१० best products blue ray chai छैन बुत्ब्त् धुलो use ग्र्न lai chai best छ,Positive
man परेन मलै त्व् कस्तो सोचेको थिये त्यो वन्द different पये paisa नै खेर गयो,Positive
sale थ्यो २४९र्स् ko ani दुइत मगये delivery अज ७ august लेर ni आयो ani charge ni दुइतै ko लिग्यो chasma chai अएउत matra पथको छ k para ho yo delivery मन्क्षे lai सोध्द yo अएउत matra da वन्दै थ्यो रह्यो कुर chasma quality ra overall ko थिकै छ वन्क्षु still paisa दुइत ko लेर अएउत matra देर scam नै गरेको ho,Negative
इम् happy red heart way better एक्ष्पेच्तेद् shipping also time two hearts,Positive
गूद्फ़्रमे bit चेअप्बुत् glasses quality overall good recommend buy thumbs,Positive
good quality quiet tight hurts wear long hours,Positive
good product size glass big please mention size also,Positive
absolutely beautiful worth came handy नीदेद् थन्क्योउरेद् हेअर्त्रेद् heart,Positive
sounds cute good gifted someone lets see गोन्न work,Positive
big size glass crash आइसके ko क्षदेलिवेर्य् chai राम्रो ani चदै वयो,Negative
ordered black one got त्रन्स्परेन्त्क़ुअलित्य् good smiling face smiling eyes like इत्थुम्ब्स् उप्विन्किन्ग् face,Positive
nice product thank दरज़् amazing producer fast delivery grinning face smiling eyes,Positive
राम्रो क्षिन blue light प्रोच्तिओन् लखको छ yo blue light प्रोच्तिओन् होइन,Positive
except product box पच्किन्ग् wasnt thats rating ४ stars,Positive
bought personal use used yet lets see गोन्न work,Positive
affordable price glass good use मोबिलेप्च्,Positive
chasma लूक्स्म बबल् छ blue ray chai तेस्तो छैन है,Positive
order black frame ओकय् थतित् comes white frame,Positive
pretty good delivery faster एक्ष्पेच्तेद्,Positive
quality chai best छ small face ko लगि अल्लि थुलो देखियोग्रिन्निन्ग् squinting face,Positive
chasma looks cool n price also रेअसोनब्लेइ like,Positive
price अनुसर् ta थिकै ho simple उसेको लगि matra ho,Positive
सोचेको भनदा अली ठुलो ग्लास रहेछ । क्वालिटि चाहि राम्रो छ ।,Positive
goods देलिवेरेद् मेन्तिओनेद् nice पच्कगिन्ग् job perfectly,Positive
lovely looks dont know blue ray protection,Positive
thats amazing buys everybody price awesome,Positive
product पच्कगिन्ग् nice value money,Positive
good ani price अनुसर् राम्रो छ also comfy,Positive
full blue cut chai छैन j hos paisa स्न्ग natch ग्र्य छ,Positive
८ din ko din बल्ल delivery वयो product ta रम्रै छ,Positive
थिक् छैन य्र्येत्तिकै blue ray cut वन्य छ हव,Positive
expectation versus reality real chai राम्रो छ face blowing kiss,Positive
good बुयिन्ग् second ब्च्ज़् first one lost,Positive
comfortable quality pretty good smiling face smiling eyes,Positive
price अनुसर् chai रम्रै छ है रेचोम्मेन्देद् buy,Positive
modern suitable quality good thumbs,Positive
satisfied product frame loose,Positive
मत्चेद् face size came without damage,Positive
good product price must go,Positive
came shown picture थन्क्योउरेद् हेअर्त्रेद् हेअर्त्रेद् heart,Positive
love smiling face हेअर्त्-एयेस् comfortable fast delivery pink heart,Positive
husband loves chasma nice thumbs उप्स्लिघ्त्ल्य् smiling face,Positive
blue ray भनेर लेको normal glass रेक्षथुम्ब्स् दोव्न्थुम्ब्स् दोव्न्थुम्ब्स् दोव्न्थुम्ब्स्,Positive
blue ray भनेको white ray po अयेक्ष मज अयेन,Positive
good product delivery service bad,Positive
रम्रै क्ष्व् price अनुशर् मलै धेरै man पर्यो,Positive
good product price range रेचोम्मेन्देद्,Positive
good comfortable use blue cut,Positive
दशैन् offer राम्रो product सस्तो पैयो,Positive
glasses glasses look good love,Positive
worst product ordered something else received another,Negative
it’s good big face,Positive
overall good product according price,Positive
गूद्बुत् still doubt blue reflection,Positive
राम्रो छैन जे भनेर लिएको त्यो छैन्pickpickpick,Positive
nice dont think blue rays,Positive
सबै ठिक छ तर मैले ब्लुरय् मा मगाएको थिए।,Positive
exactly like picture good plastic,Positive
fits वेल्ल्नो scratches fresh piece,Positive
comfortable लोवेद् मुछ्ह्ह् red heart,Positive
good क़ुअलित्यि like इत्थन्क्स् दरज़्,Positive
received time works प्रोमिसेद्,Positive
love much also fast delivery delivery त्रुच्क्रेवोल्विन्ग् hearts,Positive
excellent per price products,Positive
राम्रो lagen खोइ blue glass ho k ho,Positive
love much satisfied smiling face हेअर्त्-एयेस्,Positive
राम्रो रक्ष थिक् छ किन्न रेचोम्मेन्देद्,Positive
थिक् यै छ tara पच्किन्ग् high level,Positive
best product एक्ष्पेच्तेद् thank,Positive
good one मलै man परो service folded hands,Positive
fast delivery nice product,Positive
comfortable good quality,Positive
absolutely great worth price,Positive
quality glasses good,Positive
nice product shown picture,Positive
theek छ quality येतिको price,Positive
quality good per price,Positive
it’s good according price,Positive
bad quality waste money,Positive
nice thumbs price अनुसर् राम्रो छ smiling face sunglasses,Positive
best quality,Positive
according price ओक्,Positive
product good like,Positive
price अनुसर् quality थिकै छ,Positive
wow अस्तोनिशेद् फ़चेअस्तोनिशेद् face nice product clapping हन्द्स्च्लप्पिन्ग् hands,Positive
normal ग्लस्स्प्ल्ज़् dont buy,Positive
good cant meet एक्ष्पेच्तिओन्,Positive
good delivery fast,Positive
really worth price,Positive
nice one reasonable price,Positive
good product prompt delivery,Positive
great according price,Positive
किन्द good according price,Positive
got two u take one back,Positive
nice good quality according price,Positive
nice product good behavior,Positive
size लर्गेर् एक्ष्पेच्तेद्,Positive
like थन्क्योउ दरज़्,Positive
good product would suggest,Positive
according price worth,Positive
ओक् check mark button good price,Positive
good quality price,Positive
product nice,Positive
outer cover good,Positive
good quality hundred points best glass,Positive
price good,Positive
quality good,Positive
nice one good like,Positive
राम्रो chaa सोच्य जस्तै,Positive
राम्रो लयो price अनुशर्,Positive
मुल्य अनुसर् थिकै छ,Positive
price अनुसर् थिके छ,Positive
bad quality good,Positive
looks good thumbs उप्लिकेद्,Positive
रेवन लेखेको चाहि आएन ।,Positive
worthy big face,Positive
blue ray cut होइन,Positive
राम्रो छ किन्द हुन्क्ष,Positive
राम्रो लग्यो मलै ta,Positive
looks अद्वेर्तिसेद्,Positive
fantastic wonderful,Positive
nice qualitative,Positive
nice product love,Positive
दमि दमि दमि धुक्क ले किन्द हुन्च,Positive
shown expect scratches middles glass bigger size,Negative
पैसा अनुसार ठिकै छ।,Positive
aile सम्म थिकै छ,Positive
nice छ thank,Positive
aile सम्म रम्रै लग्यो,Positive
return ब्लुचुत्ग्लस्स्,Positive
best छ yo प्रिसे,Positive
got good glasses,Positive
good per price,Positive
लोव् heart एक्ष्च्लमतिओन्Oख़् hand,Positive
like product,Positive
तेति ko थिकै ho,Positive
nice राम्रो लगोरेद् heart,Positive
love totally,Positive
good product,Positive
glass good,Positive
रम्रै रैक्ष smiling face smiling eyes,Positive
good nothing,Positive
bad average,Positive
nice eye glasses,Positive
good per price,Positive
थिकै छ price अनुसर्,Positive
simple good,Positive
super nice,Positive
satisfied,Positive
job hundred points,Positive
वोव्व् like,Positive
nice like,Positive
feel good thumbs उप्थुम्ब्स्,Positive
little big,Positive
nice products,Positive
good,Positive
good,Positive
good प्र्दोचुत्,Positive
good राम्रो छ,Positive
satisfactory,Positive
work,Positive
normal glass,Positive
nice quality,Positive
big,Positive
lovely १०८रेद् heart,Positive
like smiling face,Positive
best,Positive
bad melting face,Positive
smiling face smiling eyes good,Positive
like sparkles,Positive
त्किक् थिकै,Positive
राम्रो लग्यो,Positive
pretty good,Positive
best,Positive
ओक् राम्रो छ,Positive
barely good,Positive
पैसा असुल छ,Positive
बबल् छ,Positive
good,Positive
राम्रो छ,Positive
beautiful red heart,Positive
ओक् ओक्,Positive
wonderful,Positive
थिकै cha actual work गर्च कि गर्दैन don’t know,Positive
गुइएत् good,Positive
price अनुसर् बबल् cha,Positive
super,Positive
गूग्,Positive
कम् क्षिन्,Positive
बद्विच्तोर्य् hand,Positive
nice,Negative
वोव्व्व्,Positive
निचेस्मिलिन्ग् face hearts,Positive
ग्ज्ज्द्,Positive
good इग्,Positive
राम्रो w,Positive
nice,Positive
good thumbs,Positive
स्तर्स्तर्स्तर्स्तर्,Positive
ओक्,Positive
love,Positive
good,Positive
nice one,Positive
थिक्क्ष,Positive
good,Positive
average,Positive
good,Positive
nice thumbs,Positive
nice smiling face,Positive
